City,Date,PM2.5,PM10,NO,NO2,NOx,NH3,CO,SO2,O3,AQI,AQI_Bucket
Ahmedabad,08-06-2015,42.56,107.96,7.17,20.4,27.57,14.5,7.17,6.28,9.86,172,Moderate
Ahmedabad,01-07-2015,58.37,107.96,112.16,40.62,130.77,14.5,112.16,32.28,33.47,384.5,
Ahmedabad,04-07-2015,138.63,107.96,5.65,25.47,30.67,14.5,5.65,87.43,29.77,314,Very Poor
Ahmedabad,09-08-2015,15.53,107.96,17,14.85,31.85,14.5,17,15.13,34.18,301,Very Poor
Ahmedabad,12-12-2015,58.37,107.96,16.28,47.19,39.51,14.5,16.245,46.78,39.51,384.5,
Ahmedabad,02-02-2016,58.37,107.96,16.28,47.19,39.51,14.5,16.245,46.78,39.51,384.5,
Ahmedabad,08-02-2016,29.36,107.96,83.72,29.75,113.47,14.5,83.72,15.31,3.68,751,Severe
Ahmedabad,28-02-2016,58.37,107.96,16.28,47.19,39.51,14.5,16.245,46.78,39.51,384.5,
Ahmedabad,03-04-2016,58.37,107.96,16.28,47.19,39.51,14.5,16.245,46.78,39.51,384.5,
Ahmedabad,07-04-2016,40.23,107.96,8.68,2.79,11.47,14.5,8.68,1.69,15.16,214,Poor
Ahmedabad,14-05-2016,58.37,107.96,16.28,47.19,39.51,14.5,16.245,46.78,39.51,384.5,
Ahmedabad,31-05-2016,58.37,107.96,16.28,47.19,39.51,14.5,16.245,46.78,39.51,384.5,
Ahmedabad,10-06-2016,75.06,107.96,14.78,6.35,21.13,14.5,14.78,19.31,6,301,Very Poor
Ahmedabad,04-07-2016,58.37,107.96,16.28,47.19,39.51,14.5,16.245,46.78,39.51,384.5,
Ahmedabad,27-07-2016,36.54,107.96,18.76,20.32,33.01,14.5,18.76,16.78,11.46,336,Very Poor
Ahmedabad,16-09-2016,53.94,107.96,10.01,12.54,22.55,14.5,10.01,18.85,24.79,249,Poor
Ahmedabad,02-01-2017,58.37,107.96,16.28,47.19,39.51,14.5,16.245,46.78,39.51,384.5,
Ahmedabad,04-01-2017,58.37,107.96,16.28,47.19,39.51,14.5,16.245,46.78,39.51,384.5,
Ahmedabad,01-03-2017,58.37,107.96,16.28,47.19,39.51,14.5,16.245,46.78,39.51,384.5,
Ahmedabad,28-05-2017,58.37,107.96,16.28,47.19,39.51,14.5,16.245,46.78,39.51,384.5,
Ahmedabad,01-08-2017,58.37,107.96,16.28,47.19,39.51,14.5,16.245,46.78,39.51,384.5,
Ahmedabad,14-12-2017,70.08,107.96,11.42,81.65,48.35,14.5,11.42,116.77,61.73,400,Very Poor
Ahmedabad,23-12-2017,77.76,107.96,25.81,78.94,57.77,14.5,25.81,110.69,79.46,306,Very Poor
Ahmedabad,26-12-2017,69.27,107.96,15.17,79.33,52.7,14.5,15.17,85.87,65.28,529,Severe
Ahmedabad,28-12-2017,104.13,107.96,43.47,101.35,81.88,14.5,43.47,113.39,58.08,773,Severe
Ahmedabad,09-01-2018,34.44,107.96,35.18,58.49,54.79,14.5,35.18,85.34,39.51,577,Severe
Ahmedabad,23-01-2018,55.27,107.96,29.44,86.96,66.11,14.5,29.44,91.67,47.71,332,Very Poor
Ahmedabad,27-01-2018,102.16,107.96,15.17,145.55,82.32,14.5,15.17,137.02,63.22,795,Severe
Ahmedabad,07-02-2018,36.8,107.96,21.07,53.33,41.74,14.5,21.07,24.97,1.16,385,Very Poor
Ahmedabad,12-04-2018,96.82,107.96,31.36,78.81,36.22,14.5,31.36,31.51,42.71,605,Severe
Ahmedabad,13-11-2018,133.13,107.96,77.55,155.59,80.21,14.5,77.55,101.13,39.51,1548,Severe
Ahmedabad,07-12-2018,127.37,107.96,25.58,40.59,38.89,14.5,25.58,34.39,2.77,428,Severe
Ahmedabad,11-12-2018,91.56,107.96,79.42,118.89,73.26,14.5,79.42,60.97,39.51,1154,Severe
Ahmedabad,28-12-2018,89.14,107.96,63.43,81.71,55.88,14.5,63.43,70,44.86,1319,Severe
Ahmedabad,04-05-2019,97.92,107.96,23.05,75.36,53.96,14.5,23.05,11.42,17.98,537,Severe
Ahmedabad,10-05-2019,57.65,138.99,49.58,168.74,138.85,14.5,49.58,153.44,41.05,614,Severe
Ahmedabad,09-07-2019,35.05,77.28,25.02,54.26,54.98,14.5,25.02,48.29,53.43,454,Severe
Ahmedabad,05-08-2019,72.51,107.96,15.56,57.84,39.83,14.5,15.56,88.54,3.12,346,Very Poor
Ahmedabad,12-10-2019,86.88,143.98,26.73,35.11,36.8,14.5,26.73,58.5,35.3,458,Severe
Ahmedabad,27-11-2019,53.91,108.89,11.11,98.4,60.11,14.5,11.11,142.7,46.08,411,Severe
Ahmedabad,08-12-2019,46.3,160.82,40.24,47.9,65.63,14.5,40.24,41.94,33.06,573,Severe
Ahmedabad,21-04-2020,27.81,73.99,3.41,16.32,10.46,14.5,0.39,19.16,38.23,87,Satisfactory
Ahmedabad,04-05-2020,43.77,87.96,3.35,40.99,22.49,14.5,3.35,31.4,53.61,152,Moderate
Aizawl,05-02-2020,8.24,13.13,11.6,0.23,15.48,16.69,0.28,6.46,0.1,20,Good
Aizawl,14-04-2020,46.26,49.81,10.26,0.45,14.04,31.28,0.47,5.66,2.97,64,Satisfactory
Aizawl,21-06-2020,2.63,9.03,11.55,0.06,15.15,29.9,0.15,2.33,0.34,19,Good
Amaravati,12-12-2017,89.35,131.48,7.97,42.1,28.88,21.24,0.24,7.42,44.67,179,Moderate
Amaravati,25-12-2017,110.73,171.47,1.69,31.06,17.89,21.66,0.1,12.23,76.07,242,Poor
Amaravati,29-12-2017,74.58,138.6,6.14,46.65,29.81,18.2,0.17,9.47,67.11,177,Moderate
Amaravati,05-02-2018,28.54,56.36,4.29,22.75,15.68,8.96,0.85,7.28,32.62,78,Satisfactory
Amaravati,07-02-2018,20.36,41.99,4.47,15.53,11.98,13.73,0.52,6.62,53.13,76,Satisfactory
Amaravati,18-02-2018,42.71,80.24,15.9,17.35,22.25,24.68,0.49,9.53,30.68,87,Satisfactory
Amaravati,22-03-2018,52.69,94.25,4.69,14.44,11.58,15.35,0.59,16.81,19.03,92,Satisfactory
Amaravati,15-06-2018,31.58,107.31,4.62,13.57,11.07,13.41,1.13,8.66,62.14,128,Moderate
Amaravati,05-07-2018,17,50,3.6,12.1,9.4,18,0.59,13.03,54.9,78,
Amaravati,01-09-2018,79.56,146.64,4.44,37.58,23.6,17.71,0.05,17.77,137.61,230,Poor
Amaravati,03-09-2018,62.49,113.56,8.08,22.65,18.7,16.53,0.91,12.68,26.26,113,Moderate
Amaravati,02-11-2018,70.26,112.29,0.4,11.87,6.57,13.05,0.62,7.29,31.4,107,Moderate
Amaravati,15-12-2018,96.57,174.31,3.33,57.77,33.44,18.28,1.1,23.81,39.75,217,Poor
Amaravati,25-12-2018,92.72,135.61,13.43,77.45,52.11,19.49,1.16,20.19,24.79,221,Poor
Amaravati,16-01-2019,108.43,159.44,3.49,50.62,29.77,17.97,0.7,6.49,24.73,274,Poor
Amaravati,04-03-2019,20.75,45.07,1.4,5.59,4.08,6.03,0.48,9.15,25.97,58,Satisfactory
Amaravati,09-05-2019,28.015,64.895,3.24,15.35,10.99,11.265,0.59,13.03,32.965,78,
Amaravati,13-07-2019,17.22,34.78,1.25,4.58,3.13,3.6,0.42,14.79,36.77,48,Good
Amaravati,01-08-2019,118.17,219.63,36.87,121.38,94.54,11.21,1.25,39.68,21.18,298,Poor
Amaravati,04-08-2019,13.49,34.05,1.45,4.2,3.38,4.21,0.57,12.69,22.15,75,Satisfactory
Amaravati,06-08-2019,31.95,71.15,2.87,26.2,16.27,7.52,0.58,17.18,55.48,71,Satisfactory
Amaravati,18-08-2019,28.015,64.895,3.24,15.35,10.99,11.265,0.59,13.03,32.965,78,
Amaravati,01-09-2019,97.45,225.75,12.68,121.94,75.16,10.39,0.86,66.39,27.23,274,Poor
Amaravati,07-09-2019,11.3,31.96,4.61,23.47,16.32,1.62,0.28,17.09,27.47,37,Good
Amaravati,20-11-2019,80.27,113.24,2.34,12.84,8.83,13.44,0.79,14.86,60.68,162,Moderate
Amaravati,28-11-2019,57.83,88.67,2.46,14.13,9.61,10.05,0.78,15.1,51.67,121,Moderate
Amaravati,18-12-2019,66.82,105.01,2.43,17.15,11.09,19.94,0.75,12.67,53.85,137,Moderate
Amaravati,04-02-2020,29.77,59.98,1.38,4.32,3.42,8.71,0.59,20.53,32.28,59,Satisfactory
Amaravati,25-03-2020,16.77,35.65,1.38,4.29,3.41,7.58,1.47,18.95,27.74,101,Moderate
Amaravati,06-06-2020,10.14,43.39,1.33,7.06,4.83,6.2,0.42,12.83,35.22,44,Good
Amaravati,17-06-2020,8.73,18.33,4.64,16.26,11.66,10.3,0.38,17.54,29.47,36,Good
Amaravati,06-08-2020,12.19,49.5,1.62,10.16,6.72,7.12,0.44,11.95,38.42,54,Satisfactory
Amaravati,01-09-2020,37.23,62.09,1.83,13.23,8.52,15.63,0.53,13.54,46.31,78,Satisfactory
Amaravati,02-09-2020,38.73,63.42,2.15,16.17,10.34,15.89,0.62,17.41,35.62,51,Satisfactory
Amaravati,01-12-2020,78.28,109.42,2.34,16.82,10.84,18.62,0.8,24.75,47.01,147,Moderate
Amritsar,03-03-2017,19.7,33.08,9.91,3.13,27.72,1.15,0.37,14.29,22.22,98,Satisfactory
Amritsar,17-04-2017,53.08,101.55,13.42,20.53,27.72,28.7,0,7.66,24,82,Satisfactory
Amritsar,27-06-2017,41.22,93.15,20.94,12.84,27.72,27.51,0,3.57,16.13,100,Satisfactory
Amritsar,24-09-2017,39.43,136.27,7.59,15.28,27.72,17.13,0.72,5.12,18.05,108,Moderate
Amritsar,04-10-2017,30.05,55.59,14.87,19.08,27.72,29.24,0,3.23,27.2,57,Satisfactory
Amritsar,18-01-2018,73.58,146.1,5.84,78.11,84.39,14.16,1.2,5.07,19.1,165,Moderate
Amritsar,22-01-2018,58.91,131.93,5.36,77.1,82.45,13.85,1.1,2.76,19.82,125,Moderate
Amritsar,01-02-2018,149.97,260.76,9.53,31.25,40.78,3.93,1.74,3.12,18.93,331,Very Poor
Amritsar,04-04-2018,60.17,196.48,14.905,2.24,27.72,11.7,0.96,5.48,20.975,101,
Amritsar,01-06-2018,44.09,98.09,14.905,13.73,27.72,11.7,0.59,6.39,20.975,101,
Amritsar,19-11-2018,48.16,128.53,21.63,29.8,49.43,7.38,0.01,8.56,24.92,117,Moderate
Amritsar,21-12-2018,56.6,125.74,32.79,37.83,68.56,9.47,0,6.39,13.44,110,Moderate
Amritsar,16-02-2019,34.55,73.44,16.61,13.75,30.37,5.4,0,6.39,20.75,62,Satisfactory
Amritsar,07-03-2019,39.52,101.22,11.6,10.62,17.19,19.09,0.38,6.6,17.15,98,Satisfactory
Amritsar,30-03-2019,60.48,106.94,9.9,10.8,19.4,5.71,0.47,6.39,24.02,135,Moderate
Amritsar,20-06-2019,31.45,79.17,12.1,8.29,16.71,13.32,0.84,6.59,19.06,121,Moderate
Amritsar,26-06-2019,24.92,72.1,13.23,8.78,19.14,30.49,0.42,5.53,22.65,66,Satisfactory
Amritsar,04-08-2019,34.9,94.52,12.05,22.68,34.11,10.6,0.32,6.39,15.59,90,Satisfactory
Amritsar,06-11-2020,31.56,87.65,16.76,9.4,25.22,11.99,0.72,11.08,20.975,79,Satisfactory
Bengaluru,04-01-2015,36.42,77.36,2.68,8.83,9.13,31.37,9.6,3.17,48.25,151,Moderate
Bengaluru,27-01-2015,30.92,77.36,10.92,16.71,15.67,18.57,1.71,3.09,27.37,86,
Bengaluru,15-02-2015,30.92,77.36,4.71,23.68,15.19,11.14,0.76,4.82,45.16,86,
Bengaluru,20-03-2015,30.65,77.36,3.36,28.48,18.68,27.2,4.55,2.76,43.25,86,
Bengaluru,22-04-2015,23.81,77.36,4.01,6.21,13.57,5.42,0.92,26.42,32.79,47,Good
Bengaluru,11-05-2015,30.36,77.36,8.04,17.33,14.75,61.87,1.24,2.74,10.93,70,Satisfactory
Bengaluru,05-08-2015,27.85,77.36,5.82,17.29,11.04,14.93,4.82,7.18,88.24,142,Moderate
Bengaluru,14-10-2015,31.78,77.36,11.48,58.6,38.5,39.7,2.5,2.57,11.44,144,Moderate
Bengaluru,31-01-2016,119.16,218.27,15.82,48.59,36.49,33.27,1.32,6.07,23.3,183,Moderate
Bengaluru,20-03-2016,239.54,189.8,3.12,14.6,9.98,27.35,1.2,1.57,30.6,253,Poor
Bengaluru,05-04-2016,57.96,56.57,4.08,32.02,18.21,16.71,0.55,4.58,45.77,102,Moderate
Bengaluru,05-06-2016,23.99,35.12,2.85,19.03,11.43,16.79,1.15,4.1,95.21,59,Satisfactory
Bengaluru,11-06-2016,41.23,69.46,2.8,27.4,0,27.28,0.7,3.85,37.6,90,Satisfactory
Bengaluru,06-07-2016,30.92,20.31,2.6,11.68,7.43,19.635,0.36,1.69,30.6,23,Good
Bengaluru,13-08-2016,21.94,77.36,5.07,8.83,7.15,40.67,47.93,1.37,18.87,37,Good
Bengaluru,06-09-2016,30.92,20.5,2.23,9.93,6.3,19.635,0.38,2.14,30.6,86,
Bengaluru,11-09-2016,46.94,120.41,7.62,28.38,0,28.86,0.62,5.16,46.92,95,Satisfactory
Bengaluru,13-09-2016,23.04,48.92,5.23,12.98,1.43,43.25,0.41,9.3,44.94,60,Satisfactory
Bengaluru,07-10-2016,8.98,27.9,3.12,8.98,9,25.57,0.38,2.23,30.6,30,Good
Bengaluru,18-11-2016,43.6,135.71,8.35,30.86,0,24.55,0.57,2.5,56.67,101,Moderate
Bengaluru,14-01-2017,29.21,77.36,2.03,13.26,0,24.76,0,3.29,63.14,78,Satisfactory
Bengaluru,21-01-2017,40.34,103.46,16.09,67.51,0,23.84,0.61,6.9,30.6,98,Satisfactory
Bengaluru,11-04-2017,41.02,64.65,14.44,34.07,27.96,26.61,0.76,3.3,43.23,125,Moderate
Bengaluru,21-04-2017,21.53,80.41,4.21,24.41,0,35.77,0.47,4.71,54.16,75,Satisfactory
Bengaluru,25-04-2017,29.88,108.62,3.54,31.4,0,28.23,0.19,3.52,27,66,Satisfactory
Bengaluru,22-07-2017,20.15,120.48,17.16,33.19,0,27.12,1.35,4.29,53.85,132,Moderate
Bengaluru,11-11-2017,32.87,77.14,10.67,36.09,24.53,26.5,0.99,3.99,30.86,77,Satisfactory
Bengaluru,24-03-2018,37.72,141.77,4.06,27.94,28.5,19.635,0.82,3.61,58.64,100,Satisfactory
Bengaluru,11-04-2018,21.84,77.72,9.14,22.91,25.74,15.52,0.82,6.17,27.03,74,Satisfactory
Bengaluru,12-04-2018,25.83,74.27,15.31,26.42,34.03,18.98,0.89,5.86,24.11,75,Satisfactory
Bengaluru,05-07-2018,50.52,77.36,28.39,60.58,32.23,19.635,0.91,5.1,36.48,151,Moderate
Bengaluru,19-07-2018,16.82,43.02,6.33,16.04,13.91,20.52,0.86,7.58,18.19,59,Satisfactory
Bengaluru,31-07-2018,20.96,67.39,16.68,19.01,26.45,22.48,0.75,6.44,15.43,62,Satisfactory
Bengaluru,09-08-2018,18.32,47.45,9.29,19.4,23.04,18.31,0.75,7.58,17.16,63,Satisfactory
Bengaluru,10-09-2018,31.82,91.63,14.75,32.27,41.65,14.37,0.85,6.89,22.25,80,Satisfactory
Bengaluru,06-10-2018,18.93,28.7,13.55,20.85,20.16,19.635,0.92,5.19,12.71,51,Satisfactory
Bengaluru,03-12-2018,35.82,105.52,3.16,17.43,16.54,19.635,1.05,4.01,38.92,92,Satisfactory
Bengaluru,19-12-2018,61.84,132.37,15.76,47.79,47.55,21.56,1.11,6.12,57.86,142,Moderate
Bengaluru,26-12-2018,59.38,100.47,10.07,33.7,33.88,16.61,1.01,5.27,55.22,118,Moderate
Bengaluru,05-01-2019,42.75,74.84,7.54,21.81,23.34,15.57,0.99,4.72,55.94,111,Moderate
Bengaluru,23-01-2019,60.91,121.85,11.95,42.79,40.52,16.95,1.04,5.42,67.41,156,Moderate
Bengaluru,13-08-2019,22.1,46.9,12.63,24.49,28.97,14.28,0.93,4.13,18.88,68,Satisfactory
Bengaluru,08-09-2019,15.53,30.16,9.06,21.17,23.29,12.13,0.71,3.44,17.32,55,Satisfactory
Bengaluru,11-09-2019,47.14,102.59,12.78,35.19,40.02,20.88,1.07,5.61,41.92,116,Moderate
Bengaluru,30-01-2020,43.42,107.2,17.25,47.61,53.47,14.17,1.19,9.86,37.97,112,Moderate
Bengaluru,24-02-2020,35.6,82.42,5.07,25.61,28.15,11.92,1.01,5.93,43.59,82,Satisfactory
Bengaluru,23-03-2020,40.28,82.77,4.01,20.12,20.75,13.99,1.05,6.03,42.02,85,Satisfactory
Bengaluru,01-09-2020,40.57,85.93,7.15,33.79,32.74,13.74,1.09,6.01,45.49,101,Moderate
Bhopal,25-10-2019,82.8,224.32,16.43,51.52,40.76,21.55,1.48,11.75,67.26,181,Moderate
Bhopal,15-11-2019,111.07,251.75,30.18,62.13,57.59,19.76,1.63,19.3,71.84,224,Poor
Bhopal,10-12-2019,48.92,175.24,17.8,56.37,44.45,15.28,1.37,10.03,61.57,140,Moderate
Bhopal,02-01-2020,35.23,94.42,4.25,37.21,23.33,13.43,0.76,7.67,62.2,99,Satisfactory
Bhopal,01-10-2020,65.94,113.49,6.89,36.15,24.91,16.54,0.81,7.34,51.3,120,Moderate
Bhopal,03-12-2020,22.35,90.17,2.05,14.28,9.35,10.48,0.39,7.29,77.34,94,Satisfactory
Brajrajnagar,19-12-2017,70.49,118.77,0.03,12.24,0.06,6.96,2.78,4.29,6.41,155,Moderate
Brajrajnagar,11-01-2018,50.79,89.2,25.31,18.96,34.02,16.21,0.45,12.63,7.49,59,Satisfactory
Brajrajnagar,15-01-2018,60.63,119.41,12.99,16.075,20.84,36.215,1.85,9.67,10.39,122,
Brajrajnagar,16-02-2018,76.03,158.72,11.93,25.89,37.8,8.62,3.63,8.64,14.53,133,Moderate
Brajrajnagar,24-04-2018,66.68,157.02,7.13,21.6,28.73,9.78,3.24,13.7,18.19,131,Moderate
Brajrajnagar,05-05-2018,64.78,159.85,6.57,21.58,28.14,9.21,3.32,12.87,26.57,124,Moderate
Brajrajnagar,05-06-2018,67.12,167.38,5.2,21.61,26.82,8.49,3.28,12.88,29.03,134,Moderate
Brajrajnagar,19-08-2018,28.27,44.95,4.53,8.36,12.89,3.79,0.2,12.88,5.71,54,Satisfactory
Brajrajnagar,21-09-2018,60.63,119.41,12.99,16.075,20.84,36.215,1.85,9.67,10.39,122,
Brajrajnagar,06-10-2018,47.22,61.64,4.22,9.87,14.1,12.38,2.63,12.34,16.47,111,Moderate
Brajrajnagar,23-10-2018,60.63,100.23,12.17,10.61,20.07,7.09,0.9,13.05,7.18,112,Moderate
Brajrajnagar,30-10-2018,73.58,92.89,17.25,27.27,27.01,18.64,0.48,12.36,7.85,99,Satisfactory
Brajrajnagar,28-11-2018,60.63,119.41,12.99,16.075,20.84,36.215,1.85,9.67,10.39,122,
Brajrajnagar,31-01-2019,75.25,138.91,22.38,25.97,45.49,42.71,3.12,16.66,9.56,220,Poor
Brajrajnagar,12-03-2019,75.53,166.11,17.95,13.2,26.21,88.16,1.17,11.07,4.67,129,Moderate
Brajrajnagar,09-04-2019,31.95,64.37,3.49,8.07,4.12,14.25,1.05,11.05,6.6,81,Satisfactory
Brajrajnagar,23-04-2019,60.63,119.41,12.99,16.075,20.84,36.215,1.85,9.67,10.39,122,
Brajrajnagar,29-04-2019,123.52,261.52,31.34,28.24,52.66,89.8,2.56,9.27,6.94,255,Poor
Brajrajnagar,16-08-2019,28.16,65.76,5.34,7.5,8.36,44.61,1.54,5.26,4.34,103,Moderate
Brajrajnagar,08-09-2019,2.54,119.41,2.23,11.17,6.65,71.51,1.82,3.71,7.41,122,
Brajrajnagar,17-11-2019,79.1,162.45,26.7,13.89,18.16,53.02,0.39,14.44,9.05,126,Moderate
Brajrajnagar,18-01-2020,83.82,184.33,26.56,15.4,36.36,62.42,0.85,6.23,27.36,188,Moderate
Brajrajnagar,04-02-2020,74.14,202.5,12.99,16.075,20.84,56.37,0.29,4.14,53.76,160,Moderate
Brajrajnagar,20-02-2020,82.41,185.18,20.05,23.77,38.65,95.52,0.04,9.58,30.76,172,Moderate
Brajrajnagar,16-03-2020,60.63,119.41,12.99,16.075,20.84,36.215,1.85,9.67,10.39,122,
Brajrajnagar,19-04-2020,55.82,121.54,12.99,16.075,0,36.215,0.38,5.29,10.39,120,Moderate
Brajrajnagar,30-04-2020,53.76,101.91,12.99,16.075,0,36.215,0.32,4.96,10.39,80,Satisfactory
Brajrajnagar,14-05-2020,70.23,120.96,390.68,16.075,378.24,50.14,0.42,9.67,85.82,178,Moderate
Brajrajnagar,21-05-2020,60.63,119.41,12.99,16.075,20.84,36.215,1.85,9.67,10.39,122,
Brajrajnagar,05-10-2020,44.57,102.28,12.99,16.075,0,36.215,0.38,9.67,51.06,117,Moderate
Chandigarh,10-05-2019,25.9,77.68,9.62,4.75,10.27,5.9,0.44,15.09,17.33,72,Satisfactory
Chandigarh,12-08-2019,69.48,111.77,33.52,14.4,33.18,40.21,0.87,10.54,10.45,142,Moderate
Chandigarh,23-10-2019,46.9,108.1,18.05,5.96,17.37,6.75,0.73,10.67,16.13,104,Moderate
Chandigarh,09-11-2019,33.27,122.52,7.93,3.08,11.04,1.34,0.75,8.51,34.62,107,Moderate
Chandigarh,10-11-2019,50.45,106.22,13.64,6.51,14.27,6.27,0.74,10.38,11.03,107,Moderate
Chandigarh,02-01-2020,46.01,85.01,3.21,15.01,5.53,79.53,0.82,7.97,12.24,95,Satisfactory
Chandigarh,28-05-2020,19.87,94.14,4.56,7.07,11.44,30.12,0.42,12.95,42.21,98,Satisfactory
Chandigarh,25-06-2020,14.15,33.6,1.88,6.87,5.11,25.67,0.3,13.13,24.25,37,Good
Chennai,11-02-2015,41.44,50.245,9.98,11.73,15.99,56.08,1.34,10.96,61.39,142,Moderate
Chennai,30-03-2015,144.46,50.245,12.8,25.53,16.36,10.41,1.24,8.05,27.57,100,
Chennai,26-04-2015,57.57,50.245,35.23,36.72,6.91,10.85,10.92,1.23,30.475,102,Moderate
Chennai,07-05-2015,70.61,50.245,4.7,20.14,17.67,54.4,2.19,13.9,30.78,193,Moderate
Chennai,14-06-2015,58.33,50.245,4.06,15.4,16.56,57.11,1.89,9.48,46.63,117,Moderate
Chennai,16-07-2015,57.02,50.245,8,18.65,18.99,47.76,2.39,9.08,30,189,Moderate
Chennai,18-10-2015,37.55,50.245,13.09,13.58,18.72,29.5,1.05,8.24,20.22,109,Moderate
Chennai,04-04-2016,67.33,50.245,6,7.21,10.45,175.4,0.77,4.08,19.9,137,Moderate
Chennai,20-06-2016,38.93,50.245,3.54,8.44,8.32,47.63,2.08,3.32,47.71,89,Satisfactory
Chennai,03-07-2016,56.24,50.245,5.71,9.88,10.82,139.37,1.37,4.05,47.29,135,Moderate
Chennai,13-07-2016,24.87,50.245,6.12,14.94,16.54,21.15,0.85,3.32,27.45,69,Satisfactory
Chennai,07-10-2016,35.38,50.245,6.37,13.72,13.71,105.19,1.03,2.41,16.17,74,Satisfactory
Chennai,17-10-2016,66.69,50.245,6.69,28.46,15.14,46.06,0.45,2.29,61.2,197,Moderate
Chennai,25-11-2016,93.71,50.245,4.4,32.16,18.27,46.06,0.08,8.1,59.17,224,Poor
Chennai,02-12-2016,85.64,50.245,10.32,16.69,16.7,5.22,1.7,3.44,29.62,157,Moderate
Chennai,22-02-2017,56.59,50.245,5.82,12.53,10.96,46.06,0,3.97,25.89,92,Satisfactory
Chennai,10-03-2017,25.6,50.245,3.07,13.93,9.16,46.06,0.77,19.68,30.05,58,Satisfactory
Chennai,11-03-2017,30.02,50.245,5.98,21.2,13.65,226.97,0.66,10.59,29.09,62,Satisfactory
Chennai,24-03-2017,52.62,50.245,5.1,11.96,9.46,46.06,0.02,2.4,37.74,80,Satisfactory
Chennai,03-05-2017,34.07,50.245,1.87,14.71,14.07,46.06,0,2.58,13.06,52,Satisfactory
Chennai,03-06-2017,36.92,50.245,2.82,15.3,15.2,46.06,0.02,2.13,12.59,59,Satisfactory
Chennai,14-06-2017,41.07,50.245,5.11,10.36,7.76,46.06,0.02,8.61,34.87,81,Satisfactory
Chennai,16-09-2017,36.71,50.245,5.2,9.87,7.68,46.06,0.32,7.75,27.23,77,Satisfactory
Chennai,08-10-2017,27.71,50.245,6.57,11.5,9.05,46.06,0,3.73,13.38,48,Good
Chennai,18-02-2018,70.43,50.245,10.66,15.41,13.46,106.9,0.79,8.49,47.51,133,Moderate
Chennai,01-03-2018,56.26,50.245,10.67,17.75,15.62,219.26,0,12.77,26.41,105,Moderate
Chennai,22-05-2018,52.89,50.245,19.02,32.72,29.83,32.11,0.81,6.22,43.92,82,Satisfactory
Chennai,23-06-2018,61.21,50.245,9.42,21.55,16.64,43.98,0.79,4.85,31.31,102,Moderate
Chennai,10-07-2018,34.54,50.245,12.76,13.8,26.55,56.32,0.72,9.43,19.43,65,Satisfactory
Chennai,24-07-2018,49.87,50.245,9.38,20.72,16.3,81.33,0.81,6.18,19.22,87,Satisfactory
Chennai,04-08-2018,24.52,50.245,19.95,16.5,19.85,20.5,0.58,11.9,46.15,62,Satisfactory
Chennai,20-08-2018,69.17,50.245,10.28,18.76,29.04,74.85,0.83,14.29,9.05,152,Moderate
Chennai,02-09-2018,49.07,50.245,15.63,18.92,18.28,105.71,1.03,5.6,14.02,107,Moderate
Chennai,20-09-2018,55.76,50.245,15.03,21.45,36.47,51.46,1.09,8.13,15.8,92,Satisfactory
Chennai,10-10-2018,70.42,50.245,13.47,21.12,34.59,50.74,0.95,11.67,24.71,164,Moderate
Chennai,13-12-2018,51.85,50.245,11.78,20.16,31.05,36.35,1.05,12.84,23.49,154,Moderate
Chennai,21-12-2018,38.97,50.245,9.16,15.8,24.41,56.57,0.94,9.74,27.3,81,Satisfactory
Chennai,07-02-2019,52.55,50.245,8.13,19.08,27.19,4.94,0.79,4.18,31.2,73,Satisfactory
Chennai,28-02-2019,87.38,50.245,8.18,14.43,18.56,10.21,0.72,9,16.65,100,Satisfactory
Chennai,02-04-2019,46.95,50.245,5.28,11.89,17.17,64.78,0.94,8.95,43.27,86,Satisfactory
Chennai,05-05-2019,38.9,50.245,4.96,12.95,17.51,3.5,1.02,5.84,26.22,79,Satisfactory
Chennai,01-06-2019,92.7,50.245,8.24,14.49,21.97,63.61,0.86,14.62,30.74,186,Moderate
Chennai,10-06-2019,19.32,91.05,5.4,13.42,14.99,11.59,0.77,5.38,55.94,145,Moderate
Chennai,04-07-2019,32.33,50.245,5.7,14.5,20.17,1.86,0.95,6.51,13.51,99,Satisfactory
Chennai,12-07-2019,34.82,35.98,3.65,15.86,19.28,126.94,0.91,6.22,20.01,76,Satisfactory
Chennai,25-07-2019,45.13,40.85,9.16,17.75,26.87,38.79,0.88,8.65,28.09,94,Satisfactory
Chennai,11-08-2019,142.9,196.37,9.56,17.94,26.41,44.44,0.96,7.75,55.69,294,Poor
Chennai,23-08-2019,25.89,80.57,7.35,14.8,22.11,15.38,0.64,4.37,18.42,52,Satisfactory
Chennai,26-08-2019,17.46,33.33,5.63,17.31,22.87,21.26,0.62,6.22,35.29,57,Satisfactory
Chennai,21-09-2019,33.44,71.07,7.34,13.74,13.94,12.39,0.83,5.97,53.35,106,Moderate
Chennai,10-10-2019,21.13,67.66,8.86,20.03,20.52,49.41,0.8,5.86,46.63,92,Satisfactory
Chennai,20-11-2019,20.95,34.1,6.89,10,16.8,61.47,0.46,5.58,22.78,47,Good
Chennai,04-12-2019,37.18,50.245,10.21,16.69,28.63,1.61,1,6.18,13.42,100,Satisfactory
Chennai,03-03-2020,42.16,94.26,9.25,16.26,25.41,32.11,0.64,17.71,43.88,96,Satisfactory
Chennai,18-03-2020,39.41,4.94,9.46,8.1,16.71,43.97,0.87,5.75,49.4,92,Satisfactory
Chennai,20-03-2020,32.68,4.82,9.26,8.56,16.27,42.16,0.91,5.55,31.17,95,Satisfactory
Chennai,06-05-2020,18.53,27.33,10.03,9.51,19.15,43.01,1.09,5.31,55.1,81,Satisfactory
Chennai,25-05-2020,25.2,33.86,7.42,9.59,16.23,43.04,1.01,6.77,49.76,79,Satisfactory
Chennai,05-06-2020,10.11,50.245,4.4,5.59,9.68,32.96,0.69,6.99,47.7,78,Satisfactory
Coimbatore,11-02-2019,41.93,48.23,12.98,26.71,39.69,4.94,0.91,11.89,26.22,67,Satisfactory
Coimbatore,30-08-2019,28.515,36.22,8.99,8.4,15.46,4.85,1.48,9.3,22.78,75,
Coimbatore,11-10-2019,23.15,25.42,8.75,14.92,23.68,4.07,0.28,9.79,44.49,69,Satisfactory
Coimbatore,24-10-2019,17.97,19.39,7.24,5.85,12.71,7.76,1.73,10.61,25.7,92,Satisfactory
Coimbatore,24-11-2019,40.82,47.48,8.24,25.42,33.66,3.13,0.72,11.67,39.49,73,Satisfactory
Coimbatore,29-11-2019,28.59,39.6,11.67,24.31,35.99,5.2,0.74,13.05,21.37,67,Satisfactory
Coimbatore,07-01-2020,28.515,36.22,7.28,46.03,27.57,4.85,0.57,5.73,10.59,75,
Coimbatore,18-02-2020,40.44,53.49,0.36,27.68,28.04,4.85,0.72,14.2,60.89,100,Satisfactory
Coimbatore,25-03-2020,29.09,28.11,0.61,59.11,59.72,4.85,0.59,7.04,37.5,72,Satisfactory
Coimbatore,30-04-2020,20.26,21.26,0.71,32.06,32.76,4.85,1.53,5.95,18.06,75,
Coimbatore,26-05-2020,24.78,40.22,7.28,51.12,39.55,1.42,0.9,6.75,16.71,50,Good
Coimbatore,13-06-2020,13.7,22.23,7.28,42.57,24.41,1.56,0.49,6.62,11.23,34,Good
Coimbatore,03-09-2020,31.77,47.87,0.51,37.25,37.77,4.85,0.66,8.59,40.81,69,Satisfactory
Coimbatore,04-10-2020,12.11,13.34,0.79,62.76,63.52,1.73,0.53,5.77,33.17,75,
Delhi,28-01-2015,134.6,156.9,18.96,28.6,35.57,49.71,10.21,5.21,15.23,295,Poor
Delhi,13-02-2015,167.01,328.43,32.23,44.61,55.13,83.96,11.26,7.77,27.62,341,Very Poor
Delhi,03-03-2015,83.49,112.1,16.23,23.75,30.88,16.04,11.72,5.07,20.83,266,Poor
Delhi,22-03-2015,72.2,122.12,9.39,20.27,23.15,32.52,8.5,4.4,25.48,204,Poor
Delhi,07-04-2015,88.75,212.16,20.9,35.54,45.93,61.61,0.98,7.24,56.61,250,Poor
Delhi,23-08-2015,44.67,138.12,21.72,33.76,52.07,33.25,0.78,9.53,33.94,127,Moderate
Delhi,30-08-2015,57.85,230.76,28.21,39.84,71.42,28.16,1.11,10.39,62.61,266,Poor
Delhi,25-09-2015,82.39,222.71,53.19,45.09,89.84,22.95,1.5,11.8,53.1,290,Poor
Delhi,12-12-2015,184.12,385.05,47.72,55.01,94.66,49.91,1.91,16.09,122.43,379,Very Poor
Delhi,18-12-2015,136.75,216.73,49.33,25.24,62.42,65.5,1.52,19.87,20.82,320,Very Poor
Delhi,11-01-2016,394.59,537.51,144.25,120.66,159.5,91.77,2.09,33.34,193.31,550,Severe
Delhi,27-01-2016,255.94,424.11,68.34,87.93,136.31,63.16,2.03,17.09,142.54,456,Severe
Delhi,04-03-2016,148.22,217.84,63.75,44.98,91.09,62.22,1.68,27.44,69.66,314,Very Poor
Delhi,24-04-2016,123.59,219.3,57.65,69.92,102.52,22,1.7,40.96,87.66,282,Poor
Delhi,23-06-2016,91.63,98.88,10.88,37.7,44.63,28.31,2.11,8.34,55.92,228,Poor
Delhi,18-09-2016,86.16,185.57,17.63,56.82,67.1,29.26,1.28,10.89,74.51,266,Poor
Delhi,16-10-2016,132.01,316.53,79.81,89.01,109.33,34.88,1.32,24.72,99.74,430,Severe
Delhi,17-10-2016,149.35,346.31,105.43,94.29,129.43,37.11,2.19,27.27,112.83,425,Severe
Delhi,31-12-2016,211.16,353.61,40.62,56.66,44.59,52.53,1.14,23.82,42.84,338,Very Poor
Delhi,23-01-2017,189.45,277.25,80.42,67.27,46.06,33.51,0.53,20.61,20.57,379,Very Poor
Delhi,31-01-2017,214.23,316.16,176.81,82.78,73.16,54.92,0.79,22.81,35.58,358,Very Poor
Delhi,24-02-2017,451.25,104.82,22.53,42.2,16.05,29.63,0,6.64,55.11,449,Severe
Delhi,10-03-2017,69.45,127.48,22.75,26.09,11.47,31.36,0.2,5.81,34.34,115,Moderate
Delhi,09-04-2017,47.89,84.29,33.84,25.85,11.14,86.67,0.36,14.45,24.93,89,Satisfactory
Delhi,20-05-2017,233.82,352.76,58.84,59.74,41.26,25.31,0.9,36.26,46.67,334,Very Poor
Delhi,28-05-2017,40.33,150.34,7.16,45.6,15.27,37.97,0.49,31.5,57.01,148,Moderate
Delhi,25-06-2017,76.1,325.29,17.77,71.42,8.2,45.21,0,14.45,44.44,148,Moderate
Delhi,08-09-2017,50.42,216.73,54.85,48.7,11.34,42.64,0,14.45,44.44,73,Satisfactory
Delhi,01-10-2017,108.26,239.51,55.04,59.2,49.05,28.52,0.71,19.1,36.04,305,Very Poor
Delhi,11-11-2017,363.77,511.44,78.16,78.61,117.92,90.64,2.32,17.8,95.54,471,Severe
Delhi,05-12-2017,216.96,500.59,47.65,70.84,46.27,35.38,0.89,65.5,66.7,474,Severe
Delhi,02-03-2018,115.05,239.61,27.97,51.46,64.81,46.26,1.29,14.2,52.29,277,Poor
Delhi,29-04-2018,89.1,259.12,13.32,42.57,48.22,47.69,1.26,16.1,69.07,259,Poor
Delhi,19-07-2018,35.04,83.54,10.58,27.41,25.71,41.74,0.8,11.14,31.96,106,Moderate
Delhi,21-08-2018,30.98,77.56,11.76,27.85,26.25,32.36,1.02,11.99,31.02,105,Moderate
Delhi,29-10-2018,231.83,427.06,84.12,62.22,104.22,48.43,2.67,16.66,53.2,397,Very Poor
Delhi,14-03-2019,111.2,217.74,45.43,48.81,69.01,39.07,1.36,17.54,28.81,281,Poor
Delhi,18-03-2019,100.32,202.01,30.43,50.33,56.61,32.06,1.19,20.36,43.21,221,Poor
Delhi,23-03-2019,55.62,138.56,8.76,34.57,27.32,26.54,0.89,17.52,52.24,131,Moderate
Delhi,29-05-2019,74.8,202.75,34.62,65.84,68.16,29.53,1.45,23.61,57.99,191,Moderate
Delhi,02-07-2019,65.65,107.83,12.05,30.8,27.94,37.84,0.84,11.12,30.25,233,Poor
Delhi,23-07-2019,73.08,153.96,26.12,39.89,46.01,45.51,1.61,9.05,40.16,156,Moderate
Delhi,03-08-2019,92.07,199.28,38.94,51.75,63.98,32.86,1.27,17.44,37.86,220,Poor
Delhi,16-08-2019,15.52,37.1,13.71,21.51,26.32,27.58,0.87,8.61,23.59,73,Satisfactory
Delhi,21-10-2019,115.16,235,34.79,51.05,55.42,31.9,1.3,11.11,36.8,254,Poor
Delhi,28-10-2019,301.39,420.35,35.11,48.45,59.73,40.16,1.77,18.03,42.79,417,Severe
Delhi,17-11-2019,96.34,165.5,14.48,33.78,32.29,29.55,0.92,10.78,27.01,273,Poor
Delhi,02-12-2019,208.64,357.36,74.17,66.37,101.01,46.24,2.09,19.93,43.29,357,Very Poor
Delhi,31-12-2019,245.53,338.18,44.49,47.5,64.57,48.22,1.8,11.03,28.07,417,Severe
Delhi,02-01-2020,112.13,201.19,49.25,44.25,67.5,35.95,1.26,10.02,29.22,244,Poor
Delhi,29-01-2020,77.95,134.17,30.9,42.24,48.65,38.01,1.24,9.85,23.96,218,Poor
Delhi,14-02-2020,73.84,172.28,12.35,34.6,30.48,34.06,0.82,13.53,43.62,186,Moderate
Delhi,29-02-2020,60.01,115.82,9.66,33.98,27.57,34.88,0.83,12.05,37.35,144,Moderate
Delhi,26-03-2020,45.69,75.81,9.02,16.58,17.41,33.68,0.58,12.82,30.59,93,Satisfactory
Delhi,17-06-2020,34.35,92.58,5.47,16.94,14.73,29.4,0.78,10.84,48.72,110,Moderate
Ernakulam,28-01-2020,60.99,95.07,133.5,7.48,140.31,107.43,1.37,3.64,29.62,180,Moderate
Ernakulam,04-02-2020,29.16,50.88,6.97,1.3,6.79,3.44,1.29,3.48,29.62,68,Satisfactory
Ernakulam,28-03-2020,30.1,56.39,2.12,3.5,5.33,3.48,1.15,3.13,29.62,63,Satisfactory
Ernakulam,04-04-2020,21.57,41.74,6.95,1.3,6.76,3.4,1.25,3.46,29.62,67,Satisfactory
Ernakulam,06-04-2020,3.48,15.31,5.12,2.47,4.61,20.2,1.69,2.45,29.62,90,Satisfactory
Ernakulam,14-06-2020,7.86,17.13,4.49,1.55,4.04,17.78,1.78,2.61,29.62,100,Satisfactory
Gurugram,22-12-2015,90.15,176.09,15.8,17.05,15.57,24.53,2.44,10.24,1.24,208,
Gurugram,09-02-2016,26,176.09,9.28,19.36,22.45,24.53,0.53,1.45,29.54,55,Satisfactory
Gurugram,07-04-2016,90.15,176.09,3.98,7.8,4.96,24.53,0.4,1.94,41.45,208,
Gurugram,13-04-2016,82.6,176.09,5.34,31.5,13.51,24.53,1.16,18.19,34.96,156,Moderate
Gurugram,25-04-2016,114.51,176.09,9.67,53.05,19.74,24.53,1.77,14.31,49.87,287,Poor
Gurugram,26-04-2016,63.16,176.09,2.77,16.76,8.61,24.53,1.01,11.01,122.38,278,Poor
Gurugram,27-06-2016,90.15,176.09,2.01,5.78,4.95,24.53,0.41,2.2,27.77,208,
Gurugram,20-09-2016,146.21,176.09,9.28,19.36,22.45,24.53,0.53,2.42,43.39,203,Poor
Gurugram,04-10-2016,83.23,176.09,6.07,37.45,15.64,24.53,1.23,25.1,39.34,190,Moderate
Gurugram,07-10-2016,90.15,176.09,3.99,6.99,4.95,24.53,0.36,1.9,58.77,208,
Gurugram,17-10-2016,67.06,176.09,9.28,19.36,22.45,24.53,0.49,4.76,23.57,102,Moderate
Gurugram,27-11-2016,80.99,176.09,7.9,10.2,22.45,24.53,0.75,3.42,44.77,212,Poor
Gurugram,12-12-2016,199.98,176.09,7.94,10.4,22.45,24.53,0.75,9.96,11.54,357,Very Poor
Gurugram,10-02-2017,93.61,176.09,2.47,21.9,24.99,24.53,0.99,5.28,25.6,247,Poor
Gurugram,28-02-2017,163.37,176.09,3.63,12.42,22.45,24.53,0.97,10.97,25.32,325,Very Poor
Gurugram,01-04-2017,343.01,176.09,9.56,10.57,22.45,24.53,22.53,8.46,8.79,490,Severe
Gurugram,04-05-2017,50.29,176.09,2.25,10.04,22.45,24.53,0.51,6.58,39.63,141,Moderate
Gurugram,13-07-2017,65.39,176.09,1.34,12.08,22.45,24.53,2.71,21.82,23.56,210,Poor
Gurugram,05-08-2017,158.7,176.09,5.52,17.98,22.45,24.53,0.7,12.52,84.47,344,Very Poor
Gurugram,18-09-2017,56.2,176.09,0.81,21.01,22.45,24.53,1.16,5.39,38.15,107,Moderate
Gurugram,20-12-2017,169.07,176.09,10.22,21.29,0,24.53,2.31,5.98,14.9,325,Very Poor
Gurugram,21-12-2017,165.99,176.09,10.64,19.52,0,24.53,1.09,3.68,28.5,343,Very Poor
Gurugram,01-01-2018,329.12,17.16,32.89,24.02,36.49,24.53,2.31,8.7,19.58,410,Severe
Gurugram,20-03-2018,90.64,167.07,25.31,36.81,39.18,24.53,0,7.33,51.7,161,Moderate
Gurugram,01-07-2018,181.67,408.64,33.04,20.24,39.5,24.53,2.67,7.24,24.91,410,Severe
Gurugram,31-07-2018,67.55,176.09,8.71,25.08,22.39,24.53,0.63,6.05,18.83,112,Moderate
Gurugram,12-09-2018,161.45,345.6,93.83,25.46,98.12,24.53,0.96,13.18,18.39,280,Poor
Gurugram,15-09-2018,90.15,176.09,9.28,19.36,22.45,24.53,0.75,7.33,31.21,208,
Gurugram,25-11-2018,125.26,239.99,72.64,32.79,88.16,24.53,0.41,12.57,45.71,272,Poor
Gurugram,25-12-2018,177.18,422.25,28.74,40.53,44.35,24.53,0.43,8,28.69,362,Very Poor
Gurugram,30-12-2018,304.47,303.52,124.47,80.68,126.95,24.53,1.71,35.77,26.9,423,Severe
Gurugram,22-01-2019,51.48,70.62,31.98,24.07,24.91,24.53,1.91,5.35,32.21,143,Moderate
Gurugram,24-01-2019,114.82,194.17,20.8,23.48,31.22,24.53,2.31,6.31,28.39,294,Poor
Gurugram,11-03-2019,473.51,651.05,6.4,34.57,27.22,24.53,1.78,15.13,13.47,607,Severe
Gurugram,21-03-2019,114.87,257.72,19.07,12.36,18.4,24.53,0.53,28.72,38.21,243,Poor
Gurugram,04-07-2019,164.12,392.61,45.7,8.83,47.33,24.53,0.33,9.62,34.7,312,Very Poor
Gurugram,24-09-2019,32.94,71.62,7.01,7.82,10.66,24.53,1.73,9.72,18.54,82,Satisfactory
Gurugram,14-11-2019,361.14,573.72,43.29,80.51,87.29,24.53,2.34,11.93,24.67,488,Severe
Gurugram,06-12-2019,104.68,176.09,6.29,47.97,21.02,24.53,0.35,10.07,104.93,327,Very Poor
Gurugram,04-01-2020,27.84,55.37,6.31,14.94,10.74,38.89,0.55,15.91,54.79,81,Satisfactory
Gurugram,27-01-2020,117.46,200.66,50.41,43.56,67.28,24.53,1.89,7.24,18.13,280,Poor
Gurugram,05-02-2020,41.11,104.29,4.12,10.69,8.97,16.18,0.7,5.59,91.17,152,Moderate
Gurugram,03-03-2020,80,177.56,50.59,40.4,71.38,24.53,1.97,7.88,39.54,175,Moderate
Gurugram,01-08-2020,88.95,123.2,31.64,37.6,39.74,24.53,1.75,8.97,9.61,198,Moderate
Guwahati,11-02-2019,47.68,105.97,39.78,16.91,83.4,3.56,0.8,9.82,17.83,112,Moderate
Guwahati,26-03-2019,119.32,225.03,33.81,24.83,82.09,23.34,1.12,24.25,34.24,306,Very Poor
Guwahati,09-04-2019,17.61,32.1,12.9,10.16,32.06,3.49,0.56,12.18,9.97,35,Good
Guwahati,12-04-2019,91.37,160.65,71.34,11.55,129.47,11.57,1.14,11.58,17.97,198,Moderate
Guwahati,30-06-2019,32.27,60.43,11.91,14.26,34.84,5.52,0.66,10.79,2.31,55,Satisfactory
Guwahati,16-07-2019,80.31,149.69,7.52,10.85,23.95,6.07,0.61,10.63,4.6,118,Moderate
Guwahati,12-09-2019,112.06,191.09,65.43,14.22,122.65,14.79,1.31,11.98,18.18,251,Poor
Guwahati,29-09-2019,22.12,38.18,11.25,9.48,28.62,1.28,0.54,13.7,17.39,39,Good
Guwahati,30-09-2019,20.06,32.53,9.66,7.97,24.39,1.6,0.57,13.83,17.28,41,Good
Guwahati,19-10-2019,49.51,101.76,36.09,20,80.67,3.49,0.8,14.1,18.18,110,Moderate
Guwahati,17-12-2019,103.64,155.46,29.58,11.09,60.43,18.22,0.94,11.54,18.96,299,Poor
Guwahati,22-03-2020,107.87,152.63,13.16,18.11,18.64,17.4,0.71,14.58,18.81,225,Poor
Guwahati,04-05-2020,75.94,179.25,3.73,15.72,10.44,10.25,0.46,16.08,43.81,158,Moderate
Guwahati,17-05-2020,16.33,27.04,2.07,9.57,6.2,3.68,0.35,14.52,36.94,49,Good
Hyderabad,07-01-2015,26.29,94.48,8.69,5.89,14.52,14.36,0.62,8.61,21.08,99,Satisfactory
Hyderabad,26-01-2015,42,94.48,3.51,13.54,17.06,14.36,0.3,2.69,36.99,104,
Hyderabad,12-02-2015,29.53,80.84,5.28,10.13,13.79,9.32,0.87,7.72,21.04,95,Satisfactory
Hyderabad,03-04-2015,42,94.48,3.6,17.44,21.04,14.36,0.28,7.88,50.26,104,
Hyderabad,05-04-2015,45,94.48,7.24,17.31,24.32,14.36,0.74,9.03,42.93,113,Moderate
Hyderabad,06-06-2015,83.88,94.48,10.29,15.72,25.63,14.36,0.85,8.31,41.62,127,Moderate
Hyderabad,09-07-2015,48.83,30.79,5.85,22.54,19.41,14.36,0.86,8.22,29.29,114,Moderate
Hyderabad,20-07-2015,25.12,94.48,5.6,5.65,11.25,14.36,0.24,3.52,11.09,41,Good
Hyderabad,09-09-2015,35.56,40.81,4.02,31.15,24.31,24.81,0.57,4.93,22.48,162,Moderate
Hyderabad,24-09-2015,44.79,94.48,2.02,13.31,15.17,14.36,0.44,1.72,22.66,136,Moderate
Hyderabad,25-09-2015,63.99,94.48,1.55,12.99,14.32,14.36,0.5,1.2,21.64,81,Satisfactory
Hyderabad,28-09-2015,78.9,94.48,10.6,15.42,24.58,14.36,0.44,5.03,26.14,138,Moderate
Hyderabad,01-10-2015,42,94.48,8.12,32.52,40.64,14.36,0.43,9.59,34.63,104,
Hyderabad,05-12-2015,40.88,94.48,7.77,13.54,19.29,14.36,0.65,8.13,33,130,Moderate
Hyderabad,15-12-2015,30.54,98.14,5.82,14.83,19.18,10.53,0.89,8.37,32.98,100,Satisfactory
Hyderabad,26-12-2015,79.9,99.88,4.84,12.23,15.52,10.35,1.26,14.13,83.35,174,Moderate
Hyderabad,27-12-2015,79.52,97.83,5.14,14.89,18.53,10.38,1.26,17.09,61.51,176,Moderate
Hyderabad,01-01-2016,232.83,108.2,11.17,17.35,26.85,10.58,1.45,8.56,27.64,387,Very Poor
Hyderabad,02-02-2016,58.73,96.69,5.13,2.9,5.24,10.52,0.86,11.32,0.1,120,Moderate
Hyderabad,05-02-2016,37.28,84.02,4.85,26.57,21.07,23.99,0.43,6.13,52.45,104,Moderate
Hyderabad,16-02-2016,37.03,72.15,7.35,9.96,16.16,9.8,1.1,5.59,24.56,123,Moderate
Hyderabad,21-02-2016,525.09,94,16.96,19.14,34.7,10.53,1.57,8.75,37.36,442,Severe
Hyderabad,16-03-2016,49.29,83.28,5.47,13.73,18.23,10.11,0.83,5.05,30.63,106,Moderate
Hyderabad,02-04-2016,103.27,95.5,4.76,8.26,10.52,10.57,1.25,12,5.79,108,Moderate
Hyderabad,23-04-2016,26,93.08,4.34,21.79,13.84,18.78,0.6,8.13,58.17,101,Moderate
Hyderabad,06-05-2016,36.13,94.48,5.02,13.02,18.04,14.36,0.79,6.06,35.42,101,Moderate
Hyderabad,14-06-2016,27.86,94.48,5.82,9.75,15.57,14.36,0.67,7.66,17.5,125,Moderate
Hyderabad,15-06-2016,363.14,94.48,7.73,10.54,18.28,14.36,0.68,7.39,13.11,199,Moderate
Hyderabad,24-06-2016,18.01,94.48,5.78,10.22,16,14.36,0.66,6.61,18.51,88,Satisfactory
Hyderabad,15-07-2016,20.57,94.48,9.02,12.83,21.84,14.36,0.71,6.95,14.77,94,Satisfactory
Hyderabad,08-09-2016,8.86,41.75,6.5,8.99,15.02,12.11,0.68,6.51,10.1,86,Satisfactory
Hyderabad,19-11-2016,61.8,98.96,10.96,58.71,18.26,36.62,0.52,44.93,67.7,141,Moderate
Hyderabad,12-12-2016,48.86,104.26,11.21,58.18,11.72,26.45,0.45,46.34,45.44,103,Moderate
Hyderabad,24-12-2016,60.28,103.11,9.82,70.51,16.86,31.14,0.43,31.91,55.7,104,Moderate
Hyderabad,06-02-2017,13.75,45.45,8.57,22.7,7.61,9.17,0.07,3.03,57.96,109,Moderate
Hyderabad,10-03-2017,24.16,36.84,11.69,18.96,9.81,9.53,0.34,6.88,34.69,53,Satisfactory
Hyderabad,21-03-2017,61.33,191.22,13.78,50.59,14.69,33.24,0.17,29.93,41.21,145,Moderate
Hyderabad,06-06-2017,17.77,57.12,7.71,21.89,6.76,17.36,0.09,4.06,54.65,97,Satisfactory
Hyderabad,21-06-2017,8.66,29.59,7.47,14.39,6.86,4.72,0.14,11.12,37.42,70,Satisfactory
Hyderabad,07-07-2017,14.77,43.48,8.25,16.09,7.86,4.21,0.17,5.99,30.48,63,Satisfactory
Hyderabad,16-07-2017,10.24,34.05,6.76,8.45,4.41,25.84,0.17,6.48,34.63,86,Satisfactory
Hyderabad,21-07-2017,10.83,34.66,5.01,9.71,4.57,4.26,0.15,4.23,28.25,50,Good
Hyderabad,13-08-2017,17.08,37.86,9.71,15.64,9.5,6.28,0.22,4.33,26.67,55,Satisfactory
Hyderabad,18-09-2017,9.17,16.29,6.94,10.48,5.36,3.25,0.04,4.37,34.2,53,Satisfactory
Hyderabad,24-09-2017,42,108.57,11.42,19.98,16.16,7.18,0,5.99,29.73,95,Satisfactory
Hyderabad,08-10-2017,14.91,32.93,7.46,11.51,5.8,7.58,0.19,5.41,23.33,71,Satisfactory
Hyderabad,29-10-2017,70.46,147.82,14.32,25.47,4.19,14.16,0.12,7.7,58.83,145,Moderate
Hyderabad,04-11-2017,77.94,235.99,13.35,52.07,16.81,33.95,0.23,30.86,41.49,192,Moderate
Hyderabad,14-11-2017,58.41,118.47,10.25,39.01,28.97,19.2,0.83,20.01,44.16,111,Moderate
Hyderabad,10-12-2017,41.74,69.1,13.72,26.83,5.04,9.37,0.11,4.2,54.35,102,Moderate
Hyderabad,10-02-2018,37.8,80.37,8.25,33.16,23.67,14.39,0.49,5.89,22.58,94,Satisfactory
Hyderabad,14-02-2018,50.52,100.95,4.19,44.77,22.99,35.31,0.76,8.3,46.28,100,Satisfactory
Hyderabad,06-03-2018,34.85,73.89,3.42,29.14,18.05,20.54,0.62,7.11,44.34,83,Satisfactory
Hyderabad,27-03-2018,59.53,124.78,3.6,44.63,26.49,18.75,0.79,9.57,50.92,123,Moderate
Hyderabad,07-06-2018,20.05,48.6,4.7,26,17.26,11.89,0.3,5.06,18.73,49,Good
Hyderabad,09-06-2018,25.36,83.21,4.74,26.76,17.54,12.31,0.31,7.84,14.29,76,Satisfactory
Hyderabad,25-07-2018,17.88,53.74,5.11,20.4,14.67,13.38,0.26,6.55,16.66,52,Satisfactory
Hyderabad,15-08-2018,22.11,68.81,4.1,17.62,12.18,23.04,0.35,10.13,11.99,65,Satisfactory
Hyderabad,15-09-2018,43.69,89.53,6.25,36.45,24.05,14.45,0.51,6.77,27.22,92,Satisfactory
Hyderabad,23-09-2018,32.25,62.49,3.76,27.46,17.34,14.76,0.44,6.13,28.19,65,Satisfactory
Hyderabad,03-12-2018,38.87,96.19,3.74,40.44,24.38,17.31,0.67,5.14,44.39,95,Satisfactory
Hyderabad,27-02-2019,57.06,126.1,5.27,44.72,27.78,19.6,0.62,11.17,25.47,111,Moderate
Hyderabad,17-03-2019,37.73,95.18,3.61,31.16,19.29,14.01,0.54,4.56,25.92,97,Satisfactory
Hyderabad,31-03-2019,48.49,137.92,2.93,34.71,20.48,19.61,0.71,5.63,38.94,124,Moderate
Hyderabad,19-04-2019,30.74,67.2,2.92,30.7,18.5,12.78,0.51,2.86,42.07,94,Satisfactory
Hyderabad,04-06-2019,37.69,80.2,5.95,34.78,23.18,15.89,0.57,8.13,43.5,89,Satisfactory
Hyderabad,08-07-2019,9.72,20.37,4.1,16.76,12.04,16.85,0.38,5.86,12.08,46,Good
Hyderabad,20-07-2019,20.12,38.84,2.58,13.94,8.86,14.52,0.43,5.41,30.44,64,Satisfactory
Hyderabad,21-08-2019,27.23,79.58,5.89,23.96,17.12,21.82,0.53,11.3,15.79,75,Satisfactory
Hyderabad,04-09-2019,40.63,99.2,6.5,41.49,27.11,16.04,0.75,8.36,29.18,91,Satisfactory
Hyderabad,05-09-2019,46.82,139.1,7.03,40.85,27.2,21.34,0.76,11.69,35.35,132,Moderate
Hyderabad,30-11-2019,63.81,129.5,6,40.93,26.28,17.83,0.79,5.9,24.91,127,Moderate
Hyderabad,31-12-2019,47.37,82.17,8.73,30.94,22.41,14.24,0.68,5.25,30.96,107,Moderate
Hyderabad,29-02-2020,42.44,94.49,3.45,25.56,16.14,21.76,0.51,4.91,33.3,91,Satisfactory
Hyderabad,15-05-2020,24.12,56.89,6.46,23.33,16.59,10.57,0.34,5.38,27.84,60,Satisfactory
Hyderabad,06-08-2020,20.2,68.79,7.27,19.5,14.29,20.52,0.32,9.69,16.57,54,Satisfactory
Hyderabad,01-12-2020,67.37,137.74,13.05,42.49,30.97,17.71,0.57,14.43,29.52,140,Moderate
Hyderabad,04-12-2020,33.4,59.02,5.55,21.68,15.09,13.12,0.4,4.25,24.1,61,Satisfactory
Jaipur,18-09-2017,38.83,166.38,4.89,31.45,34.585,18.54,0.31,9.28,34.34,138,Moderate
Jaipur,23-09-2017,54.45,99.61,12.12,41.12,34.585,56.62,0.23,8.64,35.1,84,Satisfactory
Jaipur,09-10-2017,29.82,134.31,4.39,28.04,34.585,17.44,0.2,9.65,45.68,127,Moderate
Jaipur,17-10-2017,87.06,199.42,24.83,49.67,72.9,31.18,0.68,8.08,51.28,249,Poor
Jaipur,22-12-2017,31.24,82.12,8.78,22.79,17.08,11.92,0,8.57,56.18,96,Satisfactory
Jaipur,26-04-2018,55.72,167.8,11.2,49.13,50.99,22.9,0.84,10.84,46.37,136,Moderate
Jaipur,15-05-2018,78.39,202.16,8.56,27.49,30.82,9,2.1,10.55,56.62,204,Poor
Jaipur,19-05-2018,66.11,166.85,2.87,16.03,14.57,18.77,0.88,8.6,98.27,161,Moderate
Jaipur,10-08-2018,44.43,104.33,17.76,41,47.78,19.02,1.1,10.18,53.06,116,Moderate
Jaipur,02-09-2018,61.1,142.45,16.18,21.12,26.43,17.2,1.23,12.96,60.7,140,Moderate
Jaipur,24-09-2018,22,49.27,14.5,18.08,29.72,21.8,0.89,10.45,18.05,62,Satisfactory
Jaipur,28-10-2018,80.31,151.56,13.14,44.02,49.04,27.6,1.07,12.13,70.93,186,Moderate
Jaipur,11-11-2018,60.18,171.85,25.95,55.83,80.06,20.19,2.42,10.39,41.03,175,Moderate
Jaipur,13-11-2018,73.57,193.07,83.87,64.22,118.02,19.49,2.46,11.52,21.63,202,Poor
Jaipur,14-01-2019,49.54,118.65,8.51,23.87,24.09,20.99,0.74,17.6,49.14,144,Moderate
Jaipur,20-01-2019,64.56,139.62,15.12,20.26,35.14,23.64,1.09,22.47,42.14,176,Moderate
Jaipur,04-02-2019,40.71,93.61,18.82,35.7,45.26,26.86,1.1,14.66,65.75,109,Moderate
Jaipur,23-04-2019,61.69,159.44,40.36,47.86,75.95,33.87,1.66,14.65,40.73,154,Moderate
Jaipur,25-04-2019,58.99,183.88,15.89,36.33,48.05,28.32,0.94,21.97,46.46,135,Moderate
Jaipur,06-11-2019,47.08,112.71,7.9,28.64,31.34,45.81,0.61,10.63,52.39,125,Moderate
Jaipur,06-12-2019,40.69,86.77,10.76,34.54,40.5,45.19,0.67,8.84,43.95,95,Satisfactory
Jaipur,29-01-2020,28.2,58.37,7.1,35.56,38.02,25.95,0.72,7.4,53.34,91,Satisfactory
Jaipur,04-04-2020,19.85,48.46,3.36,16.92,16.84,22.44,0.74,14.75,41.64,76,Satisfactory
Jaipur,23-04-2020,23.28,45.72,3.3,13.41,14.29,20.03,0.61,10.2,53.95,78,Satisfactory
Jaipur,30-04-2020,51.34,193.04,3.39,14.2,15.01,20.66,0.59,12.14,51.56,132,Moderate
Jaipur,30-05-2020,33.9,70.43,5.28,13.46,16.52,24.07,0.79,8.23,70.86,115,Moderate
Jaipur,25-06-2020,64.47,202.53,6.49,16.88,20.25,24.4,0.67,8.76,45.26,76,Satisfactory
Jaipur,03-07-2020,31.86,71.4,13.14,48.35,50.35,53.93,0.86,12.72,40.75,88,Satisfactory
Jorapokhar,24-04-2017,60.69,178.28,7.49,10.72,24.29,6.61,0.33,38.16,17.94,124,Moderate
Jorapokhar,24-05-2017,60.69,195.18,7.83,10.22,24.29,6.61,0.38,23.99,15.75,149,Moderate
Jorapokhar,14-06-2017,60.69,186.63,8.15,9.83,24.29,6.61,0.43,52.3,21.69,149,Moderate
Jorapokhar,11-07-2017,60.69,124.635,8.72,9.36,24.29,6.61,0.35,25.715,26.11,133,
Jorapokhar,08-08-2017,60.69,49.97,6.82,7.99,24.29,6.61,0.35,12.92,26.11,133,
Jorapokhar,15-12-2017,60.69,124.635,8.72,9.36,24.29,6.61,0.35,25.715,26.11,133,
Jorapokhar,21-03-2018,60.69,255.57,12.79,12.41,24.29,6.8,0.3,125.48,22.65,214,Poor
Jorapokhar,24-03-2018,60.69,167.69,9.68,10.28,24.29,6.83,0.36,123.19,16.77,197,Moderate
Jorapokhar,25-03-2018,60.69,139.75,9.9,9.66,24.29,6.67,0.46,117.36,4.71,148,Moderate
Jorapokhar,02-04-2018,60.69,225.9,10.89,11.8,24.29,6.99,0.33,95.57,15.67,205,Poor
Jorapokhar,02-05-2018,60.69,315.27,10.25,10.93,24.29,6.96,0.3,87.95,15.69,221,Poor
Jorapokhar,20-06-2018,60.69,124.635,8.72,9.36,24.29,6.61,0.35,25.715,26.11,133,
Jorapokhar,27-06-2018,60.69,124.635,8.72,9.36,24.29,6.61,0.35,25.715,26.11,133,
Jorapokhar,04-07-2018,60.69,583.35,8.7,7.88,24.29,6.54,0.2,25.715,3.7,133,
Jorapokhar,02-09-2018,60.69,289.1,9.9,10.37,24.29,6.87,0.38,91.04,16.82,145,Moderate
Jorapokhar,05-09-2018,60.69,124.635,8.72,9.36,24.29,6.61,0.35,25.715,26.11,133,
Jorapokhar,01-10-2018,60.69,168.98,8.05,10.32,24.29,6.71,0.28,77.18,41.4,133,
Jorapokhar,04-10-2018,60.69,124.635,8.72,9.36,24.29,6.61,0.35,25.715,26.11,133,
Jorapokhar,29-11-2018,60.69,373.13,7.45,7.82,24.29,6.61,0,84.29,9.01,340,Very Poor
Jorapokhar,16-06-2019,60.69,124.635,8.72,9.36,24.29,6.61,0.35,25.715,26.11,133,
Jorapokhar,18-06-2019,60.69,124.635,8.72,9.36,24.29,6.61,0.35,25.715,26.11,133,
Jorapokhar,11-07-2019,87.87,122.77,9,9.72,24.29,6.33,0.35,6.3,96.66,173,Moderate
Jorapokhar,24-07-2019,60.69,29.38,8.58,9.64,24.29,6.2,1.58,4.9,106.24,111,Moderate
Jorapokhar,07-10-2019,60.69,124.635,8.72,9.36,24.29,6.61,0.35,25.715,26.11,133,
Jorapokhar,24-10-2019,33.44,97.26,8.86,9.14,24.29,6.32,0.35,4.63,52.47,103,Moderate
Jorapokhar,13-06-2020,60.69,71.5,25.22,10.28,24.29,8.71,1.89,14.81,15.4,105,Moderate
Jorapokhar,04-12-2020,59.27,122.07,23.97,11.72,24.29,9.23,1.88,39.72,67.58,124,Moderate
Kochi,06-04-2020,10.08,24.34,88.78,24.3,93.25,14.43,1.55,14.54,1.2,105,Moderate
Kochi,06-09-2020,32.95,52.99,52.43,30.32,55.66,18.51,1.83,21.36,1,98,Satisfactory
Kolkata,19-07-2018,16.16,33.09,9.08,28.22,37.31,6.39,0.76,1.01,17.28,46,Good
Kolkata,20-09-2018,19.06,35,7.23,29.43,36.65,11.32,1.23,1.72,10.15,80,Satisfactory
Kolkata,11-01-2019,101.59,211.21,49.12,54.98,104.08,17.99,1.33,9.44,40.02,249,Poor
Kolkata,04-03-2019,43.55,90.75,4.31,24.63,28.83,18.48,0.47,2.55,25.05,88,Satisfactory
Kolkata,22-04-2019,47.76,85.76,3.57,36.57,40.14,29.99,0.58,8.1,37.74,87,Satisfactory
Kolkata,03-05-2019,56.44,109.62,7.58,56.65,64.23,38.38,0.9,5.93,24.63,129,Moderate
Kolkata,04-10-2019,30.36,55.27,5.91,42.5,48.41,19.36,0.55,2.42,23.1,66,Satisfactory
Kolkata,20-03-2020,42.09,82.64,11.39,31.8,43.24,21.18,0.63,14.56,62.06,139,Moderate
Kolkata,01-09-2020,84.88,160.64,43.27,48.82,91.95,26.41,1.09,12.02,20.64,200,Moderate
Kolkata,01-10-2020,84.49,158.8,26.82,45.77,72.64,27.64,0.89,16.04,25.17,179,Moderate
Lucknow,05-01-2015,105.39,100.685,3.97,12.12,4.98,29.71,2.28,11.31,16.26,162,Moderate
Lucknow,05-02-2015,49.21,100.685,3.82,14.35,4.47,29.71,2.26,13.08,32.57,175,Moderate
Lucknow,26-03-2015,55.31,100.685,18.4,33.29,4.22,29.71,2.4,13.48,26.74,116,Moderate
Lucknow,09-04-2015,57.1,100.685,4.51,8.64,4.22,29.71,1.42,8.3,33.35,113,Moderate
Lucknow,20-04-2015,36.72,100.685,10.37,25.96,4.73,29.71,3.25,16.62,22.79,167,Moderate
Lucknow,16-07-2015,24.42,100.685,4.87,9.61,4.22,29.71,7.86,10.29,29.33,136,Moderate
Lucknow,27-08-2015,40.47,100.685,6.41,8.71,4.22,29.71,1.95,8.71,33.11,106,Moderate
Lucknow,08-01-2016,46.72,100.685,4.83,20.48,5.23,29.71,1.19,3.94,31.42,198,
Lucknow,12-02-2016,213.29,100.685,20.13,35.7,17.23,29.71,1.42,12.72,13.58,396,Very Poor
Lucknow,11-03-2016,152.95,100.685,89.05,65.56,6.24,29.71,2.51,9.66,16.92,299,Poor
Lucknow,27-03-2016,64.82,100.685,4.59,32.51,4.22,29.71,1.17,5.25,60.39,188,Moderate
Lucknow,11-06-2016,411.23,100.685,15.53,69.86,17.23,29.71,1.72,11.56,30.82,450,Severe
Lucknow,16-06-2016,59.3,100.685,6.97,32.5,3.17,29.71,1.12,6.5,28.43,105,Moderate
Lucknow,18-06-2016,94.36,100.685,8.49,36.28,4.14,29.71,1.5,8.33,34.91,121,Moderate
Lucknow,02-07-2016,255.81,100.685,7.04,14.19,4.3,29.71,1.3,6.08,54.25,394,Very Poor
Lucknow,16-07-2016,80.77,100.685,7.04,24.37,3.3,29.71,1.14,5.68,17.07,157,Moderate
Lucknow,30-08-2016,46.78,100.685,18.56,34.22,17.23,29.71,1.25,1.27,23.67,97,Satisfactory
Lucknow,10-09-2016,47.15,100.685,3.55,23.52,17.23,29.71,1.39,4.94,24.64,98,Satisfactory
Lucknow,22-09-2016,17.39,100.685,2.16,15.27,17.23,29.71,1.37,4.82,24.12,44,Good
Lucknow,10-12-2016,125.86,100.685,2.23,41.1,17.23,29.71,1.48,6.21,36.75,301,Very Poor
Lucknow,04-01-2017,128.32,100.685,17.61,43.23,17.23,29.71,1.87,9.24,60.12,318,Very Poor
Lucknow,07-01-2017,38.16,100.685,10.09,20.32,17.23,29.71,2.65,4.42,19.08,89,Satisfactory
Lucknow,12-01-2017,286.15,100.685,106.63,73.94,124.68,65.03,2.39,8.26,29.09,434,Severe
Lucknow,24-01-2017,158.46,100.685,25.49,44.38,17.23,29.71,2.14,9.07,63.08,324,Very Poor
Lucknow,01-02-2017,183.84,100.685,17.7,37.34,17.23,29.71,1.41,12.01,23.46,324,Very Poor
Lucknow,26-04-2017,130.82,100.685,9.9,40.52,17.23,29.71,1.37,6.8,102.2,313,Very Poor
Lucknow,30-05-2017,40,100.685,6.3,9.02,6.24,29.71,1.09,4.13,50.48,74,Satisfactory
Lucknow,11-06-2017,200.8,100.685,40.04,50.59,60.42,35.47,1.22,9.71,42.18,339,Very Poor
Lucknow,06-08-2017,74.54,100.685,5.27,17.12,6.24,29.71,1.2,5.22,15.85,106,Moderate
Lucknow,08-10-2017,88.74,100.685,11.43,22.55,17.23,29.71,1.44,7.15,6.31,146,Moderate
Lucknow,03-11-2017,58.33,100.685,12.29,29.05,17.23,29.71,1.24,4.2,43.07,97,Satisfactory
Lucknow,25-12-2017,233.41,100.685,18.8,49.73,41.29,52.94,2.01,7.07,61.54,395,Very Poor
Lucknow,05-07-2018,111.99,100.685,27.74,55.62,40.14,23.02,0.51,10.68,48.53,209,Poor
Lucknow,04-08-2018,58.97,100.685,19.15,58.47,40.51,30.22,0.43,8.54,27.04,102,Moderate
Lucknow,22-08-2018,42.25,100.685,9.94,22.78,21.86,22.98,0.72,7.46,16.37,89,Satisfactory
Lucknow,22-09-2018,29.47,100.685,7.13,18.33,18.35,32.02,0.87,3.39,14.26,64,Satisfactory
Lucknow,01-10-2018,235.73,100.685,18.32,46.46,39.3,52.24,2.1,8.8,27.65,398,Very Poor
Lucknow,20-10-2018,112.69,100.685,23.35,47.79,40.75,49.31,1.28,5.45,31.21,246,Poor
Lucknow,25-11-2018,153.5,100.685,30.49,59.19,54.6,58.91,1.5,9.07,26,294,Poor
Lucknow,09-12-2018,38.51,100.685,9.98,27.41,26.3,28.82,1.34,3.94,23.28,96,Satisfactory
Lucknow,26-12-2018,178.64,100.685,18.71,49.62,40.92,41.88,1.06,9.22,33.34,346,Very Poor
Lucknow,04-01-2019,62.23,100.685,9.27,98.09,48.85,29.71,1.17,10.1,39.72,137,Moderate
Lucknow,22-03-2019,59.16,100.685,4.43,21.08,17.87,5.12,1.22,7.39,47.14,139,Moderate
Lucknow,19-05-2019,82.43,100.685,5.59,15.15,9.22,12.82,1.15,5.62,39.72,144,Moderate
Lucknow,15-08-2019,27.22,100.685,5.93,19.13,14.93,11.24,1.08,3.71,33.65,83,Satisfactory
Lucknow,21-09-2019,37.33,100.685,7.34,22.11,17.64,11.43,0.95,5.6,20.55,89,Satisfactory
Lucknow,22-10-2019,132.12,100.685,39.25,48.15,46.27,47.67,1.19,6.85,28.34,288,Poor
Lucknow,03-12-2019,119.49,100.685,9.55,50.69,39.86,22.07,1.25,12.22,37.18,279,Poor
Lucknow,16-12-2019,76.28,100.685,9.35,18.23,15.41,1.11,1.69,9.81,18.38,153,Moderate
Lucknow,17-12-2019,82.48,100.685,10.48,10.94,12.1,1.14,1.76,8.51,18.36,164,Moderate
Lucknow,04-02-2020,49.02,100.685,6.84,10.05,10.17,34.96,0.96,6.27,33.27,115,Moderate
Lucknow,06-04-2020,61.74,100.685,11.51,10.59,15.36,17.99,1.09,5.65,39.31,142,Moderate
Lucknow,27-05-2020,107.05,100.685,6.48,14.3,13.41,13.64,1.18,6.03,37.29,205,Poor
Lucknow,21-06-2020,29.43,100.685,7.07,7.92,9.59,11.8,1.06,5.08,49.52,71,Satisfactory
Lucknow,01-09-2020,100.5,100.685,18.41,50.72,39.14,40.71,1.15,9.52,28.78,247,Poor
Lucknow,05-10-2020,63.31,100.685,4.36,8.97,7.76,8.05,0.88,7.05,38.5,122,Moderate
Lucknow,04-11-2020,65.52,100.685,3.15,21.42,13.83,34.8,0.99,8.08,29.1,121,Moderate
Mumbai,14-01-2015,23.745,77.88,25.34,21.46,28.59,13.97,0,12.67,29.62,91,
Mumbai,31-01-2015,23.745,77.88,25.34,21.46,27.34,13.97,0,12.67,29.62,91,
Mumbai,06-02-2015,23.745,77.88,25.34,21.46,41.01,13.97,0,12.67,29.62,91,
Mumbai,13-03-2015,23.745,77.88,25.34,21.46,143.29,13.97,0,12.67,29.62,91,
Mumbai,05-04-2015,23.745,77.88,25.34,21.46,31.89,13.97,0,12.67,29.62,91,
Mumbai,08-04-2015,23.745,77.88,25.34,21.46,19.92,13.97,0,12.67,29.62,91,
Mumbai,16-05-2015,23.745,77.88,25.34,21.46,23.14,13.97,0,12.67,29.62,91,
Mumbai,19-05-2015,23.745,77.88,25.34,21.46,23.14,13.97,0,12.67,29.62,91,
Mumbai,23-05-2015,23.745,77.88,25.34,21.46,23.46,13.97,0,12.67,29.62,91,
Mumbai,21-06-2015,23.745,77.88,25.34,21.46,18.88,13.97,0,12.67,29.62,91,
Mumbai,13-07-2015,23.745,77.88,25.34,21.46,19.31,13.97,0,12.67,29.62,91,
Mumbai,19-08-2015,23.745,77.88,25.34,21.46,48.61,13.97,0,12.67,29.62,91,
Mumbai,20-08-2015,23.745,77.88,25.34,21.46,31.35,13.97,0,12.67,29.62,91,
Mumbai,14-11-2015,23.745,77.88,25.34,21.46,118.58,13.97,0,12.67,29.62,91,
Mumbai,15-12-2015,23.745,77.88,25.34,21.46,97.43,13.97,0,12.67,29.62,91,
Mumbai,31-12-2015,23.745,77.88,25.34,21.46,63.28,13.97,0,12.67,29.62,91,
Mumbai,02-01-2016,23.745,77.88,25.34,21.46,22.87,13.97,0,12.67,29.62,91,
Mumbai,14-01-2016,23.745,77.88,25.34,21.46,12.04,13.97,0,12.67,29.62,91,
Mumbai,17-01-2016,23.745,77.88,25.34,21.46,22.37,13.97,0,12.67,29.62,91,
Mumbai,11-02-2016,23.745,77.88,25.34,21.46,41.88,13.97,0,12.67,29.62,91,
Mumbai,25-03-2016,23.745,77.88,25.34,21.46,13.65,13.97,0,12.67,29.62,91,
Mumbai,26-04-2016,23.745,77.88,25.34,21.46,34,13.97,0,12.67,29.62,91,
Mumbai,13-05-2016,23.745,77.88,25.34,21.46,13.13,13.97,0,12.67,29.62,91,
Mumbai,12-08-2016,23.745,77.88,25.34,21.46,41.88,13.97,0,12.67,29.62,91,
Mumbai,27-08-2016,23.745,77.88,25.34,21.46,41.88,13.97,0,12.67,29.62,91,
Mumbai,31-12-2016,23.745,77.88,25.34,21.46,41.88,13.97,0,12.67,29.62,91,
Mumbai,07-05-2017,23.745,77.88,25.34,21.46,41.88,13.97,0,12.67,29.62,91,
Mumbai,07-06-2017,23.745,77.88,25.34,21.46,41.88,13.97,0,12.67,29.62,91,
Mumbai,01-08-2017,23.745,77.88,25.34,21.46,41.88,13.97,0,12.67,29.62,91,
Mumbai,14-09-2017,23.745,77.88,25.34,21.46,41.88,13.97,0,12.67,29.62,91,
Mumbai,27-11-2017,23.745,77.88,25.34,21.46,26.17,13.97,0,12.67,29.62,91,
Mumbai,21-12-2017,23.745,77.88,25.34,21.46,129.09,13.97,0,12.67,29.62,91,
Mumbai,06-01-2018,24.8,77.88,25.34,21.46,48.35,13.97,1.2,17.29,37.89,75,Satisfactory
Mumbai,14-01-2018,23.745,77.88,25.34,21.46,74,13.97,2.12,12.67,29.62,91,
Mumbai,25-01-2018,23.745,77.88,25.34,21.46,41.88,13.97,0,12.67,29.62,91,
Mumbai,13-02-2018,23.745,77.88,25.34,21.46,64.53,13.97,1.41,12.67,29.62,91,
Mumbai,13-04-2018,23.745,77.88,25.34,21.46,55.5,13.97,1.34,12.67,29.62,91,
Mumbai,29-04-2018,23.745,77.88,25.34,21.46,41.88,13.97,0,12.67,29.62,91,
Mumbai,14-05-2018,21.81,44.13,16.06,18.5,34.55,13.97,1.25,22.25,36.71,70,Satisfactory
Mumbai,11-07-2018,67.63,164.86,107.2,56.95,164.12,13.97,2.32,28.2,37.62,184,Moderate
Mumbai,02-09-2018,23.745,77.88,25.34,21.46,51.04,13.97,1.37,12.67,29.62,91,
Mumbai,10-09-2018,45.06,100.44,22.78,24.85,47.6,13.97,1.75,20.02,66.08,103,Moderate
Mumbai,12-09-2018,56.9,169.94,28.22,43.94,72.16,13.97,2.12,22.11,50.29,158,Moderate
Mumbai,07-10-2018,12.8,46.86,13.53,19.41,32.94,13.97,1.19,14.35,34.86,91,
Mumbai,20-10-2018,48.89,120.56,31.76,26.09,57.87,13.97,1.62,16.53,39.44,91,
Mumbai,23-11-2018,48.49,112.45,38.46,53.66,87.21,13.97,2.35,18.48,57.96,91,
Mumbai,20-01-2019,93.45,285.55,79.17,26.93,106.1,13.97,3.34,35.52,33.76,234,Poor
Mumbai,17-04-2019,13.15,50.12,21.7,20.49,42.2,13.97,1.69,19.47,19.05,93,Satisfactory
Mumbai,06-05-2019,16.41,53.63,12.61,6.38,18.98,8.87,0.63,9.08,17.04,64,Satisfactory
Mumbai,29-08-2019,13.24,46.32,22.52,10.03,32.28,15.95,0.66,11.13,8.93,57,Satisfactory
Mumbai,06-11-2019,18.13,50.39,22.23,28.04,50.27,18.1,0.7,9.34,30.22,90,Satisfactory
Mumbai,10-12-2019,49.37,103.99,23.95,32.46,56.41,15.3,0.83,12.09,32.79,110,Moderate
Mumbai,11-12-2019,69.7,132.42,23.32,42.53,65.85,15.99,1.21,12.41,32.22,134,Moderate
Mumbai,19-03-2020,30.33,99.38,24.02,26.7,49.39,23.04,0.6,7.97,31.9,113,Moderate
Mumbai,30-03-2020,23.57,63.65,7.59,9.66,17.25,9.82,0.43,6.86,39.26,77,Satisfactory
Mumbai,30-05-2020,10.08,42.19,15.83,6.63,22.16,3.61,0.27,6.93,14.37,49,Good
Mumbai,26-06-2020,13.82,47.1,25.81,8.6,33.63,17.45,0.42,7.66,6.02,57,Satisfactory
Mumbai,28-06-2020,12.33,44.84,27.15,8.06,34.78,26.5,0.38,10.58,5.76,64,Satisfactory
Mumbai,02-08-2020,68.47,151.73,24.39,39.85,61.71,21.46,1,7.72,47.02,133,Moderate
Patna,07-01-2015,91.12,118.02,11.88,14.58,25.8,14.5,1.07,1.15,12.31,215,
Patna,21-06-2015,91.12,118.02,17.2,11.84,29.1,14.5,1.13,6.31,7.35,215,
Patna,22-09-2015,91.12,118.02,48.25,21.46,69.54,14.5,1.88,4.99,9.42,215,
Patna,08-10-2015,91.12,118.02,31.35,24.06,55.28,14.5,1.56,4.01,9.87,215,
Patna,17-10-2015,95.74,118.02,68.42,31.51,99.85,14.5,1.56,5.16,10.66,193,Moderate
Patna,20-12-2015,645.5,118.02,199.3,40.82,240.12,14.5,5.7,3.7,8.66,490,Severe
Patna,25-03-2016,122.33,118.02,11.72,27.77,39.47,14.5,1.54,4.84,24.74,215,
Patna,30-03-2016,147.27,118.02,10.54,13.8,24.31,14.5,1.82,8.53,32.96,302,Very Poor
Patna,04-04-2016,91.12,118.02,7.84,13.56,21.41,14.5,1.76,5.36,12.85,198,Moderate
Patna,05-04-2016,69.21,118.02,5.5,3.25,8.75,14.5,1.32,6.68,24.64,157,Moderate
Patna,06-05-2016,56.37,118.02,15.23,20.28,35.52,14.5,1.24,6.61,21.05,128,Moderate
Patna,15-05-2016,58.5,118.02,11.23,17.05,28.29,14.5,1.14,5.13,24.2,137,Moderate
Patna,17-05-2016,70.67,118.02,12.17,33.56,45.72,14.5,1.36,4,39.54,109,Moderate
Patna,02-08-2016,91.12,118.02,22.22,27.715,35.51,14.5,1.38,12.44,26.22,215,
Patna,17-08-2016,31.27,118.02,35.73,18.74,54.47,14.5,1.59,5.76,7.98,119,Moderate
Patna,27-08-2016,38.57,118.02,25.2,23.07,48.28,14.5,1.66,9.27,17.78,73,Satisfactory
Patna,27-09-2016,51.86,118.02,36.13,20.89,57.02,14.5,1.44,6.88,12.75,134,Moderate
Patna,05-12-2016,65.42,118.02,13.2,26.94,40.18,14.5,1.36,5.63,36.88,150,Moderate
Patna,24-01-2017,218.21,118.02,60.44,50.27,110.68,14.5,2.18,1.41,10.86,353,Very Poor
Patna,10-02-2017,45.22,118.02,8.06,16.61,19.88,14.5,0.38,5.52,12.34,91,Satisfactory
Patna,23-02-2017,70.52,118.02,21.36,109.62,130.98,14.5,0.94,2.08,30.97,215,
Patna,24-02-2017,65.5,118.02,47.43,109.13,156.57,14.5,0.66,2.51,24.84,161,Moderate
Patna,09-03-2017,91.12,118.02,22.22,27.715,35.51,14.5,1.38,12.44,26.22,215,
Patna,25-08-2017,91.12,118.02,22.22,27.715,35.51,14.5,1.38,12.44,26.22,215,
Patna,04-09-2017,105.5,118.02,1.67,3.2,4.87,14.5,0.89,4.14,3.31,219,Poor
Patna,10-09-2017,53.04,118.02,15.57,23.42,35.55,14.5,0.48,7.14,13.73,128,Moderate
Patna,09-11-2017,91.12,118.02,22.22,27.715,35.51,14.5,1.38,12.44,26.22,215,
Patna,28-11-2017,237.81,118.02,28.68,29.44,25.02,14.5,1.56,22.84,65.65,407,Severe
Patna,06-01-2018,45.31,118.02,12.89,78.7,28.84,14.5,0.94,39.18,115.02,208,Poor
Patna,24-01-2018,172.43,118.02,24.51,38.37,24.81,14.5,1.99,49.66,42.45,359,Very Poor
Patna,06-02-2018,54.38,118.02,16.3,80.13,31.2,14.5,1.01,39.07,93.91,152,Moderate
Patna,23-03-2018,128.19,118.02,11.21,19.49,12.04,14.5,1.74,48,26.22,335,Very Poor
Patna,01-04-2018,277.9,118.02,24.37,54.31,29.69,14.5,2.46,42.33,42.28,395,Very Poor
Patna,30-04-2018,44.45,118.02,11.64,67.75,25.16,14.5,0.86,48.92,105.57,173,Moderate
Patna,27-06-2018,52.86,118.02,24.63,67.25,35.66,14.5,0.83,38.31,51.68,104,Moderate
Patna,29-06-2018,48.51,118.02,24.65,96,46.82,14.5,1.1,39.94,54.45,104,Moderate
Patna,03-07-2018,86.95,118.02,5.6,14.36,7.26,14.5,1.57,35.5,106.2,179,Moderate
Patna,09-07-2018,38.81,118.02,20.27,58.4,27.41,14.5,0.61,24.32,64.26,81,Satisfactory
Patna,26-08-2018,55.12,118.02,20.01,52.77,25.81,14.5,1.17,24.33,43.9,107,Moderate
Patna,18-09-2018,78.46,118.02,12.18,76.7,27.26,14.5,1.03,27.02,87.48,184,Moderate
Patna,09-10-2018,52.35,118.02,6.16,34.21,12.59,14.5,0.4,19.69,61.46,101,Moderate
Patna,24-01-2019,133.04,118.02,57.97,122.91,67,14.5,1.24,46.97,22.17,281,Poor
Patna,16-02-2019,83.53,118.02,9.05,17.02,9.9,14.5,0.71,44.13,33.41,264,Poor
Patna,09-03-2019,41.09,118.02,30.6,84.38,40.43,14.5,1.46,54.16,102.6,155,Moderate
Patna,21-03-2019,176.31,118.02,66.28,112.88,67.58,14.5,3.93,39.06,51.01,327,Very Poor
Patna,22-03-2019,58.35,118.02,4.61,57.65,17.55,14.5,1.33,43.16,115.5,255,Poor
Patna,11-04-2019,232.45,118.02,11.56,20.68,12.37,14.5,1.79,64.74,86.33,395,Very Poor
Patna,21-04-2019,73.24,118.02,60.76,155.4,77.1,14.5,2.06,42.43,81.17,189,Moderate
Patna,22-06-2019,33.43,118.02,27.12,62.72,30.12,14.5,1.63,41.78,40.62,108,Moderate
Patna,09-07-2019,36.3,118.02,23.48,63.46,30.69,14.5,1.07,41.28,67.47,179,Moderate
Patna,05-08-2019,78.57,118.02,6.85,5.45,5.57,14.5,1.33,39.86,71.68,190,Moderate
Patna,10-08-2019,91.12,118.02,22.22,27.715,35.51,14.5,1.38,12.44,26.22,215,
Patna,17-08-2019,39.24,118.02,8.71,23.98,11.49,14.5,1.51,51.44,55.98,100,Satisfactory
Patna,03-10-2019,140.06,118.02,12.75,6.95,9.54,14.5,1.89,33.56,73.37,316,Very Poor
Patna,15-01-2020,177.59,210.76,67.57,36.23,98.56,18.88,4.05,12.23,12.94,311,Very Poor
Patna,18-02-2020,78.63,182.42,46.99,63.36,108.66,33.3,1.1,6.31,21.54,184,Moderate
Patna,20-04-2020,26.65,88.62,68.61,15.49,50.14,13.32,1.28,9.79,34.75,131,Moderate
Patna,06-05-2020,20.15,51.75,80.95,15.72,35.29,6.47,0.58,4.52,29.06,97,Satisfactory
Patna,17-05-2020,52.11,276.34,56.99,34.71,91.79,9.53,0.76,16.97,47.84,239,Poor
Patna,16-06-2020,17.75,41.77,25.75,37.94,23.62,5.01,0.87,2.76,22.24,53,Satisfactory
Patna,04-07-2020,44.93,112.36,43.36,48.88,59.45,11.56,1.64,11.83,20.63,142,Moderate
Shillong,11-01-2019,17.425,26.93,0.91,2.68,1.07,2.75,0.22,5.975,27.615,48,
Shillong,09-06-2019,8.32,16.12,1.23,3.55,1.44,3.65,0.29,4.93,18.72,25,Good
Shillong,09-08-2019,4.34,8.67,1.26,3.57,1.41,3.64,0.18,5.11,28.71,33,Good
Shillong,14-01-2020,35.92,48.29,0.87,2.74,1.21,2.79,0.47,7.73,25.08,60,Satisfactory
Shillong,20-01-2020,29.71,39.33,0.8,2.57,1.13,2.65,0.22,7.82,63.05,88,Satisfactory
Shillong,31-01-2020,40.96,56.13,0.74,2.4,1.07,2.46,0.35,7.23,37.35,71,Satisfactory
Shillong,24-03-2020,30.19,39.11,0.87,2.67,1.15,2.75,0.22,5.24,1.73,44,Good
Shillong,26-06-2020,6.33,8.76,1.08,3.01,1.17,3.09,0.12,4.94,11.83,25,Good
Shillong,27-06-2020,9.41,9.77,0.99,2.89,1.16,2.93,0.16,4.76,24.97,35,Good
Shillong,05-10-2020,23.75,34.49,0.97,2.72,1.06,2.82,0.19,8.27,21.21,57,Satisfactory
Talcher,29-01-2018,44.64,129.075,23.55,8.67,26.9,7.83,1.83,27.49,12.375,128.5,
Talcher,31-01-2018,44.64,129.075,23.55,8.67,26.9,7.83,1.83,27.49,12.375,128.5,
Talcher,02-02-2018,44.64,129.075,23.55,8.67,26.9,7.83,1.83,27.49,12.375,128.5,
Talcher,09-02-2018,44.64,129.075,23.55,8.67,26.9,7.83,1.83,27.49,12.375,128.5,
Talcher,06-03-2018,132.55,206.24,17.22,8.09,16.1,13.43,2.35,48.31,16.25,201,Poor
Talcher,01-04-2018,44.64,129.075,23.55,8.67,26.9,7.83,1.83,27.49,12.375,128.5,
Talcher,29-04-2018,37.37,98.75,28.46,7.91,24.23,29.58,1.87,43.48,23.55,100,Satisfactory
Talcher,08-06-2018,16.5,101.76,23.55,8.67,0,7.83,0,27.49,12.375,113,Moderate
Talcher,08-09-2018,29.54,129.075,23.55,8.67,0,7.83,0,27.49,12.375,128.5,
Talcher,13-09-2018,44.64,129.075,23.55,8.67,26.9,7.83,1.83,27.49,12.375,128.5,
Talcher,03-12-2018,169.33,393.78,25.98,48.95,71.18,22.33,2.07,30.63,20.93,128.5,
Talcher,14-12-2018,89.1,227.65,21.84,0.97,21.56,6.88,2.54,13.65,9.12,269,Poor
Talcher,16-12-2018,54.95,129.075,24.14,0.56,22.82,7,2.03,10.72,5.61,128.5,
Talcher,17-01-2019,131.89,327.92,29.87,6.78,26.48,7.17,1.79,40.84,37.78,341,Very Poor
Talcher,14-05-2019,25.43,129.35,14.3,12.44,25.98,6.87,1.49,23.37,3.99,135,Moderate
Talcher,08-07-2019,20.26,46.83,47.26,0.21,44.81,8.8,1.92,42.11,1.66,99,Satisfactory
Talcher,02-10-2019,61.86,320.44,33.84,8.67,28.18,7.57,2.36,14.28,8.25,211,Poor
Talcher,14-12-2019,57.85,199.57,6.64,37,39.02,7.83,1.8,10.08,15.04,140,Moderate
Talcher,30-12-2019,186.5,338.01,3,24.71,8.47,1.91,2.29,30.12,20.07,334,Very Poor
Talcher,18-01-2020,136.38,264.73,5.51,11.27,16.77,1.49,1.46,15.52,6.46,317,Very Poor
Talcher,24-02-2020,52.26,87.12,10.22,4.13,14.34,1.49,1.74,35.62,10.74,113,Moderate
Talcher,13-04-2020,44.64,93.94,27.57,4.28,10.38,14.09,2.46,27.49,78.99,153,Moderate
Talcher,27-04-2020,44.64,21.56,7.03,20.77,26.6,3.19,2.07,27.49,59.9,108,Moderate
Talcher,21-05-2020,34.16,68.32,0.53,17.64,14.94,11.22,2.18,22.49,12.375,111,Moderate
Thiruvananthapuram,11-06-2017,26.15,41.97,1.89,12.03,7.88,4.04,1.24,3.64,7.7,76,Satisfactory
Thiruvananthapuram,18-06-2017,22.38,48.33,2.05,7.6,6.415,4.02,0.89,5.35,33.38,68,
Thiruvananthapuram,27-01-2018,61.78,99.88,1.67,11.75,7.61,7.78,0.88,9.01,49.57,99,Satisfactory
Thiruvananthapuram,05-03-2018,22.42,50.04,2.82,12.9,9.16,3.45,0.91,5.02,51.25,65,Satisfactory
Thiruvananthapuram,15-05-2018,26.65,46.65,2.92,15.18,10.45,3.81,1.06,7.11,41.88,64,Satisfactory
Thiruvananthapuram,25-05-2018,12.04,17.46,3.1,17.27,11.59,4.28,0.6,3.77,53.64,84,Satisfactory
Thiruvananthapuram,11-10-2018,35.16,53.9,4.57,6.01,6.88,5.76,1.41,11.07,45.94,93,Satisfactory
Thiruvananthapuram,18-12-2018,76.05,110.35,2.76,13.72,9.54,4.81,2.37,9.98,62.22,116,Moderate
Thiruvananthapuram,27-02-2019,33.72,67.47,0.92,5.64,3.63,3.95,0.63,2.09,60.65,78,Satisfactory
Thiruvananthapuram,02-03-2019,39.42,64.31,0.96,6.61,4.22,5.43,0.67,4.04,67.59,92,Satisfactory
Thiruvananthapuram,10-04-2019,15.35,31.23,0.84,4.26,2.39,1.86,0.9,0.75,32.22,60,Satisfactory
Thiruvananthapuram,13-05-2019,15.1,44.81,1.09,3.33,7.04,2.33,0.87,1.96,32.67,59,Satisfactory
Thiruvananthapuram,09-06-2019,9.23,19.67,0.94,3.35,1.91,1.07,0.78,1.81,13.47,53,Satisfactory
Thiruvananthapuram,05-08-2019,24.2,67.7,1.2,4.36,6.91,2.36,0.98,2.34,33.48,76,Satisfactory
Thiruvananthapuram,15-08-2019,15.08,33.7,0.93,3.66,2.28,1.82,0.6,2.15,33.88,51,Satisfactory
Thiruvananthapuram,14-09-2019,14.02,30.52,0.72,3.17,1.86,1.29,0.77,1.01,20.82,49,Good
Thiruvananthapuram,16-10-2019,17.68,33.51,1.04,4.57,2.55,2.64,1.07,1.93,21.96,71,Satisfactory
Thiruvananthapuram,21-10-2019,22.38,16.67,0.88,3.28,1.9,2.3,0.81,1.21,25.61,51,Satisfactory
Thiruvananthapuram,29-10-2019,18.2,33.99,0.52,2.43,1.65,1.35,1.02,1.11,27.21,77,Satisfactory
Thiruvananthapuram,02-11-2019,32.65,60.12,0.9,9.33,5.5,4.81,0.85,5.14,46.91,71,Satisfactory
Thiruvananthapuram,28-03-2020,28.9,54.61,3.34,8.43,11.03,4.26,0.94,5.04,49.23,78,Satisfactory
Thiruvananthapuram,02-04-2020,30.37,53.71,9.94,20.46,18.92,14.86,0.88,9.16,44.03,65,Satisfactory
Thiruvananthapuram,03-04-2020,40.19,88.17,12.81,24.17,33.09,13.9,2.17,3.82,29.52,107,Moderate
Thiruvananthapuram,19-04-2020,10.74,20.13,5.07,6.07,9.55,4.97,0.38,5.05,28.32,49,Good
Thiruvananthapuram,05-06-2020,20.76,45.58,26.29,11.07,34.8,26.58,0.58,5.68,37.83,66,Satisfactory
Thiruvananthapuram,05-07-2020,18.51,47.43,27.93,11.05,35.5,25.58,0.51,6.11,29.32,59,Satisfactory
Thiruvananthapuram,06-12-2020,28.64,48.84,12.96,15.66,23.12,6.59,0.54,6.27,12.38,49,Good
Visakhapatnam,11-05-2016,18.14,36.89,7.57,21.59,16.19,7.69,0.71,8.4,31.53,56,Satisfactory
Visakhapatnam,27-11-2016,61.53,102.83,21.07,69.96,49.77,21.14,1.58,20.38,53.4,116,Moderate
Visakhapatnam,19-12-2016,64.2,104.71,25.37,74.72,56.34,14.22,1.55,18.98,56.84,119,Moderate
Visakhapatnam,23-01-2017,63.88,114.71,11.79,51.04,32.67,12.48,1.26,8.36,73.47,126,Moderate
Visakhapatnam,26-01-2017,82.19,127.59,3.74,25.96,15.4,15.25,1.12,4.77,100.61,173,Moderate
Visakhapatnam,09-05-2017,40.61,100.685,10.51,35.5,0,10.77,0,10.33,28.8,106,
Visakhapatnam,10-05-2017,7,26,1.88,35.5,0.03,0.19,0.04,2.85,8.32,106,
Visakhapatnam,28-05-2017,40.61,100.685,10.51,35.5,0,10.77,0,10.33,28.8,106,
Visakhapatnam,04-06-2017,46.38,104.17,18.44,20.15,24.3,9.16,1.74,16.06,13.89,142,Moderate
Visakhapatnam,12-07-2017,83.65,141.02,6.82,36.78,24.99,20.2,1.09,12.56,96.71,195,Moderate
Visakhapatnam,15-08-2017,40.61,100.685,10.51,35.5,0,10.77,0,10.33,28.8,106,
Visakhapatnam,27-09-2017,40.61,100.685,10.51,35.5,0,7.61,0,10.33,28.8,106,
Visakhapatnam,10-11-2017,40.61,100.685,10.51,35.5,0,0.24,0,10.33,28.8,106,
Visakhapatnam,24-12-2017,117.2,183.31,19.69,45.4,40,16.56,1.32,13.44,65.61,268,Poor
Visakhapatnam,20-04-2018,16.36,69.43,9.87,24.01,20.8,10.93,0.57,16.12,11.16,65,Satisfactory
Visakhapatnam,16-06-2018,50.78,173.25,6.21,41.44,27.28,15.95,0.39,21.93,47.03,158,Moderate
Visakhapatnam,26-09-2018,34.19,104.24,16.91,38.97,34.49,8.2,0.65,3.82,22.36,98,Satisfactory
Visakhapatnam,13-10-2018,69.73,118.55,6.53,36.05,24.48,15.64,0.53,5.9,50.27,122,Moderate
Visakhapatnam,16-10-2018,40.69,83.99,13.28,29.18,26.32,10.36,0.51,2.9,35.62,98,Satisfactory
Visakhapatnam,31-01-2019,57.58,106.17,2.8,35.5,21.16,11.43,0.7,7.14,89.74,117,Moderate
Visakhapatnam,11-02-2019,86.71,157.26,25.08,43.75,43.67,16.22,0.95,16.03,41.03,134,Moderate
Visakhapatnam,06-03-2019,29.74,101.8,17.14,44.6,37.79,3.6,0.9,6.22,19.75,97,Satisfactory
Visakhapatnam,12-04-2019,63.36,113.04,3.29,34.16,20.84,9.51,0.74,8.34,82.55,125,Moderate
Visakhapatnam,06-06-2019,38.91,123.12,8.69,35.15,25.77,4.53,0.84,8.96,22.76,117,Moderate
Visakhapatnam,19-06-2019,59.13,196.5,11.49,56.36,39.33,7.92,1.08,11.91,13.25,153,Moderate
Visakhapatnam,21-11-2019,51.21,101.16,2.88,29.86,18.22,9.97,0.69,7.72,87.78,114,Moderate
Visakhapatnam,27-11-2019,72.71,119.26,2.87,28.31,17.37,10.91,0.85,9.67,84.34,169,Moderate
Visakhapatnam,28-01-2020,52.42,136.94,20.2,48.69,42.33,11.3,1.23,11.47,18.65,115,Moderate
Visakhapatnam,01-02-2020,49.66,90.22,3.23,29.88,18.51,11.38,1.08,8.97,59.28,94,Satisfactory
Visakhapatnam,29-04-2020,7.81,46.54,1.73,18.79,10.82,7.96,0.11,8.02,20.17,49,Good
Visakhapatnam,30-04-2020,18.16,66.09,1.68,16.27,9.74,8.18,0.11,7.01,30.36,61,Satisfactory
Visakhapatnam,03-08-2020,17.77,71.21,2.32,28.78,16.78,11.79,0.92,11.2,11.12,69,Satisfactory
Visakhapatnam,06-11-2020,37.71,98.53,9.97,52.1,35.79,9.91,0.7,5.59,26.59,90,Satisfactory
